"JASID","自治体コード","遺跡番号","遺跡名","種類","所在地","時代","旧市番号","地図","経度","緯度","奈良"
14131000500,14131,"川崎区No.5","渡田貝塚","貝塚","川崎区渡田2-14-8ほか","奈良　平安","—",25,139.7065694,35.52068445,1
14131000600,14131,"川崎区No.6","大島貝塚","貝塚","川崎区大島2-10-6ほか","奈良　平安","—",25,139.7148048,35.5215437,1
14132000800,14132,"幸区No.8","","散布地","幸区南加瀬2-2","弥生　奈良　平安","夢見ヶ崎-8",37,139.6649605,35.54896517,1
14133000800,14133,"中原区No.8","井田西遺跡、井田中原遺跡","集落跡","中原区井田3-34ほか","縄文　弥生　古墳　奈良　平安　中世","井田-4",42,139.6378521,35.5606025,1
14133001400,14133,"中原区No.14","","散布地","中原区宮内4-9ほか","奈良　近世","宮内-1",40,139.6448846,35.58645804,1
14134003300,14134,"高津区No.33","","散布地","高津区下作延23付近","奈良　平安","津田山-38",51,139.5993309,35.60159719,1
14134003400,14134,"高津区No.34","","散布地","高津区上作延139","奈良　平安","津田山-39",51,139.5944581,35.60132767,1
14134003700,14134,"高津区No.37","下作延巳ノ谷遺跡・下作延神明神社東南遺跡","集落跡","高津区下作延4-17","縄文　弥生　古墳　奈良　平安 中世","津田山-13",51,139.6034538,35.59948169,1
14134003800,14134,"高津区No.38","下作延遺跡","集落跡","高津区下作延2-31","弥生　古墳　奈良　平安","津田山-42",51,139.6049902,35.59868609,1
14134003900,14134,"高津区No.39","","散布地","高津区上作延722ほか","縄文　古墳　奈良　平安　中世","津田山-23",57,139.5875362,35.59823646,1
14134004100,14134,"高津区No.41","上作延南原遺跡","集落跡","高津区上作延796ほか","縄文　弥生　古墳　奈良　平安","宮崎-19",57,139.5894934,35.59682616,1
14134004300,14134,"高津区No.43","上作延南原遺跡","散布地","高津区上作延824ほか","縄文　弥生　古墳　奈良　平安","宮崎-18",57,139.5912615,35.59735657,1
14134004800,14134,"高津区No.48","上作延南原東遺跡","集落跡","高津区上作延1066ほか","縄文　奈良　平安","宮崎-13",51,139.5966903,35.59572693,1
14134004900,14134,"高津区No.49","上作延神明社脇遺跡","散布地","高津区下作延1118ほか","縄文　奈良　平安","宮崎-8",51,139.5990078,35.5956013,1
14134005000,14134,"高津区No.50","","散布地","高津区下作延3-5","奈良　平安","宮崎-9",51,139.6013123,35.59565714,1
14134005100,14134,"高津区No.51","下作延巳ノ谷遺跡・上作延南谷一遺跡","集落跡","高津区下作延4-51","縄文　弥生　古墳　奈良　平安","宮崎-7",51,139.6028573,35.59716465,1
14134005200,14134,"高津区No.52","久保台遺跡","集落跡","高津区末長1-6","縄文　弥生　古墳　奈良　平安","宮崎-1",51,139.606136,35.59564318,1
14134005400,14134,"高津区No.54","久本桃之園遺跡・久本梅之園遺跡","集落跡","高津区久本1-12","縄文　弥生　奈良　平安","末長-2",51,139.6097623,35.59646673,1
14134005700,14134,"高津区No.57","末長久保台北遺跡","集落跡 貝塚","高津区末長1-1","縄文　弥生　古墳　奈良　平安","末長-5",51,139.6108944,35.59494888,1
14134006000,14134,"高津区No.60","末長富士見台遺跡","集落跡","高津区末長2-4","縄文　奈良　平安","末長-7",48,139.6127183,35.59210376,1
14134006100,14134,"高津区No.61","末長姿見台遺跡","集落跡","高津区末長1-40","弥生　古墳　奈良","宮崎-4",52,139.606254,35.59255901,1
14134006500,14134,"高津区No.65","梶ヶ谷神明社上遺跡","集落跡","高津区梶ヶ谷4-14","弥生　古墳　奈良","宮崎-10",52,139.602127,35.586067,1
14134006600,14134,"高津区No.66","末長向台遺跡","集落跡","高津区末長1-41","縄文　古墳　奈良　平安","宮崎-5",52,139.6068376,35.59047908,1
14134006900,14134,"高津区No.69","大原遺跡・新作小高台遺跡","集落跡","高津区新作1-9","縄文　古墳　奈良　平安","末長-9",52,139.6106806,35.5874692,1
14134007100,14134,"高津区No.71","薬師院裏遺跡","集落跡","高津区末長2-27","奈良　平安","末長-10",48,139.6139607,35.58755119,1
14134007200,14134,"高津区No.72","新作小高台遺跡","集落跡","高津区新作1-11","縄文　弥生　奈良　平安","末長-11",52,139.612457,35.586475,1
14134007300,14134,"高津区No.73","新作池ノ谷遺跡","集落跡","高津区新作1-19","縄文　弥生　奈良　平安","末長-14",52,139.6103545,35.58495636,1
14134007400,14134,"高津区No.74","","散布地","高津区梶ヶ谷5-11","縄文　弥生　古墳　奈良　平安","馬絹-1",52,139.6079856,35.58330901,1
14134007500,14134,"高津区No.75","","集落跡","高津区新作2-3ほか","縄文　弥生　古墳　奈良　平安","千年-13",48,139.612686,35.583229,1
14134007700,14134,"高津区No.77","新作二丁目遺跡","集落跡","高津区新作2-15ほか","縄文　弥生　古墳　奈良　平安","千年-14",48,139.614258,35.582893,1
14134008300,14134,"高津区No.83","千年-８遺跡","集落跡","高津区千年1177ほ","縄文　弥生　古墳　奈良　平安","千年-8",48,139.6188345,35.58168461,1
14134008500,14134,"高津区No.85","野川南耕地遺跡","集落跡","川崎市高津区東野川2-15","縄文　弥生　古墳　奈良　平安","久末-8",49,139.6148247,35.56916316,1
14134009500,14134,"高津区No.95","千年蟻山遺跡・伊勢山台北遺跡・千年伊勢山台遺跡・伊勢山台東遺跡・影向寺南遺跡","官衙跡 集落跡","高津区千年520ほか","縄文　弥生　古墳　奈良　平安 中世","千年-5",49,139.6224222,35.57739323,1
14134009600,14134,"高津区No.96","下原宿遺跡","散布地","高津区千年300","縄文　弥生　古墳　奈良　平安","千年-6",49,139.6242998,35.57575445,1
14134009900,14134,"高津区No.99","子母口植之台遺跡","集落跡","高津区子母口113ほか","縄文　古墳　奈良　平安　中世","千年-23",49,139.6255529,35.57389748,1
14134010100,14134,"高津区No.101","子母口貝塚・子母口根方遺跡","集落跡","高津区子母口240ほか","縄文　弥生　古墳　奈良　平安","千年-2",49,139.6283484,35.57222184,1
14134010600,14134,"高津区No.106","末長久保台南遺跡","集落跡","高津区末長1-18","縄文　弥生　古墳　奈良　平安","宮崎-3",52,139.608902,35.594135,1
14134012400,14134,"高津区No.124","","散布地","高津区千年1123","縄文　古墳　奈良　平安","末長-21",48,139.6211862,35.58065149,1
14134012500,14134,"高津区No.125","","古墳","高津区梶ヶ谷5-10","縄文　古墳　奈良　平安","千年-31",52,139.606628,35.584248,1
14134013200,14134,"高津区No.132","","散布地","高津区新作1-22","奈良　平安","宮崎-36",52,139.6080199,35.58810263,1
14134013300,14134,"高津区No.133","","散布地","高津区梶ヶ谷6-3","奈良　平安","宮崎-37",52,139.6086377,35.58445457,1
14134013800,14134,"高津区No.138","","散布地","高津区北野川6ほか","古墳　奈良　平安","千年-30",49,139.6216187,35.57889084,1
14134014700,14134,"高津区No.147","影向寺台西遺跡・三荷座前遺跡","集落跡","宮前区野川本町1-38","縄文　弥生　奈良　平安　中世","千年-10",48,139.606949,35.578056,1
14134014800,14134,"高津区No.148","影向寺遺跡・影向寺裏貝塚・影向寺台遺跡・影向寺北遺跡","社寺跡 集落跡 貝塚","宮前区野川本町3-4","縄文　弥生　古墳　奈良　平安 中世","千年-11",49,139.6182874,35.57945191,1
14134015000,14134,"高津区No.150","","散布地","宮前区宮崎3-3-22ほか","縄文　古墳　奈良　平安","宮崎-15",52,139.5934631,35.59211159,1
14136000200,14136,"宮前区No.2","野川北耕地遺跡","集落跡","川崎市宮前区野川本町1-29","縄文　弥生　古墳　奈良　平安","千年-15",48,139.6145658,35.58021275,1
14136000400,14136,"宮前区No.4","影向寺台西遺跡・三荷座前遺跡","集落跡","川崎市宮前区野川本町1-38","縄文　弥生　奈良　平安　中世","千年-10",48,139.6165853,35.57912795,1
14136000500,14136,"宮前区No.5","影向寺遺跡・影向寺裏貝塚・影向寺台遺跡・影向寺北遺跡","社寺跡 集落跡 貝塚","川崎市宮前区野川本町3-4","縄文　弥生　古墳　奈良　平安　中世","千年-11",49,139.6188058,35.57859672,1
14136000600,14136,"宮前区No.6","野川神明社境内遺跡","集落跡","川崎市宮前区野川本町3-10","縄文　弥生　古墳　奈良　平安","千年-12",48,139.6184797,35.57595795,1
14136000700,14136,"宮前区No.7","野川東耕地遺跡","集落跡","川崎市宮前区野川野川本町2-20","縄文　弥生　古墳　奈良　平安","千年-18",53,139.615098,35.5746874,1
14136001000,14136,"宮前区No.10","十三菩提西遺跡","集落跡","川崎市宮前区野川2290ほか","縄文　弥生　古墳　奈良　平安","野川-1",54,139.6072797,35.56762214,1
14136001100,14136,"宮前区No.11","","散布地","川崎市宮前区西野川3-13","縄文　弥生　古墳　奈良　平安","野川-2",53,139.6058034,35.56929773,1
14136001200,14136,"宮前区No.12","","散布地","川崎市宮前区西野川3-12","縄文　弥生　古墳　奈良　平安","野川-3",53,139.6027687,35.56900108,1
14136001500,14136,"宮前区No.15","","散布地","川崎市宮前区野川2660ほか","奈良　平安","野川-4",54,139.6013932,35.56668141,1
14136001700,14136,"宮前区No.17","東有馬遺跡","散布地","川崎市宮前区東有馬5-14ほか","縄文　奈良　平安","野川-6",53,139.5932929,35.56791195,1
14136001900,14136,"宮前区No.19","","散布地 その他の墓","川崎市宮前区梶ヶ谷1117ほか","縄文　奈良　平安","馬絹-2",53,139.6050108,35.57898763,1
14136002100,14136,"宮前区No.21","野川中耕地遺跡","散布地","川崎市宮前区西野川2-14","縄文　奈良　平安","馬絹-3",53,139.6080899,35.57413938,1
14136002200,14136,"宮前区No.22","","散布地","川崎市宮前区野川3119ほか","縄文　弥生　古墳　奈良　平安","馬絹-18",53,139.6025839,35.57518051,1
14136002300,14136,"宮前区No.23","","散布地","川崎市宮前区西野川3-8","縄文　弥生　古墳　奈良　平安","馬絹-8",53,139.6033907,35.57304427,1
14136002600,14136,"宮前区No.26","野川西耕地遺跡","集落跡 その他の墓","川崎市宮前区野川2935ほか","縄文　奈良　平安","馬絹-11",53,139.5987559,35.57326323,1
14136002700,14136,"宮前区No.27","","散布地","川崎市宮前区宮崎3-3-22ほか","縄文　古墳　奈良　平安","宮崎-15",52,139.5878976,35.58862586,1
14136003600,14136,"宮前区No.36","","散布地","川崎市宮前区宮崎1-10ほか","縄文　弥生　古墳　奈良　平安","宮崎-33",52,139.591782,35.58506,1
14136003700,14136,"宮前区No.37","","散布地","川崎市宮前区馬絹2-9","縄文　奈良　平安","馬絹-13",52,139.5920554,35.58149893,1
14136004500,14136,"宮前区No.45","東有馬一丁目遺跡・骨蔵器","集落跡 その他の墓","川崎市宮前区有馬3-4ほか","縄文　弥生　古墳　奈良　平安","馬絹-23",59,139.5880267,35.57773861,1
14136004700,14136,"宮前区No.47","","散布地","川崎市宮前区東有馬2-32","縄文　奈良　平安","馬絹-15",53,139.5925586,35.57439123,1
14136004800,14136,"宮前区No.48","骨蔵器","散布地 その他の墓","川崎市宮前区東有馬3-9ほか","縄文　奈良　平安","馬絹-16",53,139.5901897,35.57330217,1
14136005700,14136,"宮前区No.57","","散布地","川崎市宮前区有馬8-19","奈良　平安","有馬-18",59,139.573685,35.57304,1
14136005800,14136,"宮前区No.58","","散布地","川崎市宮前区有馬9-15ほか","縄文　奈良","有馬-5",59,139.573746,35.570984,1
14136006300,14136,"宮前区No.63","","散布地","川崎市宮前区小台1-10","縄文　弥生　古墳　奈良　平安","有馬-2",59,139.5792475,35.58003857,1
14136007500,14136,"宮前区No.75","東高根遺跡","集落跡","川崎市宮前区神木本町2-10","縄文　弥生　古墳　奈良　平安","五所塚-3",57,139.5864184,35.6048945,1
14136007600,14136,"宮前区No.76","東高根遺跡","散布地","川崎市宮前区神木本町2丁目","縄文　奈良　平安","五所塚-4",57,139.585327,35.60342,1
14136008100,14136,"宮前区No.81","","散布地","川崎市宮前区五所塚1-6ほか","縄文　奈良　平安","五所塚-35",57,139.575912,35.605789,1
14136008300,14136,"宮前区No.83","東泉寺上遺跡","集落跡","川崎市宮前区平1-11","縄文　弥生　古墳　奈良　平安","五所塚-22",57,139.5785971,35.60242931,1
14136008400,14136,"宮前区No.84","","散布地","川崎市宮前区平1-10-39","縄文　古墳　奈良　平安","五所塚-23",57,139.5794382,35.60205246,1
14136008800,14136,"宮前区No.88","","散布地","川崎市宮前区平2-15ほか","縄文　奈良　平安","五所塚-39",57,139.5742562,35.60205072,1
14136009100,14136,"宮前区No.91","","散布地","川崎市宮前区平2-16","弥生　奈良　平安","五所塚-28",57,139.5728658,35.60105276,1
14136009200,14136,"宮前区No.92","","散布地","川崎市宮前区平2-7","縄文　奈良　平安","五所塚-33",57,139.5703166,35.60129003,1
14136009300,14136,"宮前区No.93","","散布地","川崎市宮前区初山1-3","縄文　奈良　平安","五所塚-32",63,139.5668624,35.60157344,1
14136009500,14136,"宮前区No.95","","散布地","川崎市宮前区初山2-7","縄文　奈良　平安","五所塚-34",63,139.5668023,35.5976792,1
14136010000,14136,"宮前区No.100","","散布地","川崎市宮前区神木本町48ほか","縄文　奈良　平安","五所塚-9",57,139.5836348,35.59884431,1
14136010200,14136,"宮前区No.102","","散布地","川崎市宮前区神木本町4-18","縄文　弥生　古墳　奈良　平安","五所塚-11",57,139.585114,35.597305,1
14136010600,14136,"宮前区No.106","","散布地","川崎市宮前区神木2-9","縄文　弥生　古墳　奈良　平安","土橋-2",57,139.5818324,35.59531635,1
14136010700,14136,"宮前区No.107","","散布地","川崎市宮前区神木本町4-3-4ほか","縄文　弥生　古墳　奈良　平安","五所塚-10",57,139.5818903,35.59786027,1
14136010800,14136,"宮前区No.108","","散布地","川崎市宮前区平6-1ほか","縄文　奈良　平安","五所塚-25",57,139.5789892,35.59844651,1
14136010900,14136,"宮前区No.109","","散布地","川崎市宮前区平6-8ほか","縄文　弥生　古墳　奈良　平安","土橋-18",57,139.5772147,35.59646095,1
14136011700,14136,"宮前区No.117","","散布地","川崎市宮前区宮崎4-1ほか","縄文　弥生　古墳　奈良　平安","土橋-3",58,139.5862911,35.5932688,1
14136012700,14136,"宮前区No.127","土橋-４遺跡","散布地","川崎市宮前区宮前平2-12ほか","縄文　古墳　奈良　平安","土橋-4",58,139.5828175,35.58764692,1
14136014000,14136,"宮前区No.140","","散布地","川崎市宮前区犬蔵2-16","縄文　弥生　古墳　奈良　平安","蔵敷-5",64,139.5629056,35.5868469,1
14136014200,14136,"宮前区No.142","","散布地","川崎市宮前区犬蔵2-33ほか","縄文　奈良　平安","元石川-l",64,139.56297,35.58244935,1
14136014700,14136,"宮前区No.147","","散布地","川崎市宮前区菅生1-33ほか","縄文　奈良　平安","生田緑地-7",63,139.555374,35.599854,1
14136014800,14136,"宮前区No.148","","散布地","川崎市宮前区菅生1-36","縄文　奈良　平安","生田緑地-5",63,139.555374,35.599854,1
14136014900,14136,"宮前区No.149","","散布地","川崎市宮前区菅生1-12","縄文　弥生　古墳　奈良　平安","生田緑地-4",63,139.556778,35.601372,1
14136015000,14136,"宮前区No.150","","散布地","川崎市宮前区菅生1-9","縄文　弥生　古墳　奈良　平安","生田緑地-6",63,139.553284,35.600735,1
14136015100,14136,"宮前区No.151","菅生遺跡","散布地","川崎市宮前区菅生2-10","縄文　奈良　平安","生田緑地-13",63,139.552765,35.598785,1
14136015900,14136,"宮前区No.159","","散布地","川崎市宮前区菅生4-5ほか","縄文　奈良　平安","蔵敷-18",64,139.5535217,35.59212595,1
14136016300,14136,"宮前区No.163","","散布地","川崎市宮前区水沢1-2ほか","縄文　弥生　古墳　奈良　平安","蔵敷-14",64,139.5475264,35.58964467,1
14136016500,14136,"宮前区No.165","菅生水沢遺跡Ｅ地点","集落跡","川崎市宮前区菅生4-14ほか","奈良　平安","蔵敷-10",64,139.5499297,35.59249238,1
14136016600,14136,"宮前区No.166","菅生水沢遺跡Ｄ地点・Ｆ地点","集落跡","川崎市宮前区水沢1-1","縄文　弥生　古墳　奈良　平安","蔵敷-13",64,139.5468741,35.59225507,1
14136016700,14136,"宮前区No.167","","散布地","川崎市宮前区水沢2-9","縄文　奈良　平安","稗原-10",70,139.5422245,35.59243699,1
14136016900,14136,"宮前区No.169","","散布地","川崎市宮前区潮見台7","奈良　平安","稗原-5",70,139.5394779,35.59608023,1
14136017100,14136,"宮前区No.171","潮見台遺跡Ｃ地点","散布地 その他の墓","川崎市宮前区潮見台2-38ほか","縄文　弥生　古墳　奈良　平安","稗原-3",69,139.5364224,35.59460062,1
14136017300,14136,"宮前区No.173","","散布地","川崎市宮前区潮見台4","縄文　奈良　平安","稗原-7",69,139.531015,35.59543814,1
14136017400,14136,"宮前区No.174","","散布地","川崎市宮前区潮見台7","縄文　奈良　平安","稗原-8",69,139.5290581,35.59365142,1
14136017600,14136,"宮前区No.176","野川東耕地北遺跡","散布地","川崎市宮前区野川本町2-8","縄文　古墳　奈良　平安","千年-24",48,139.6145986,35.57684542,1
14136017700,14136,"宮前区No.177","","散布地","川崎市宮前区有馬1-5","縄文　奈良　平安","有馬-26",59,139.5775223,35.57820962,1
14136017900,14136,"宮前区No.179","","散布地","川崎市宮前区野川本町2-7","縄文　古墳　奈良　平安","千年-28",48,139.6134742,35.57679793,1
14136018000,14136,"宮前区No.180","","散布地","川崎市宮前区西野川1-15","縄文　弥生　古墳　奈良　平安","馬絹-7",53,139.601039,35.57611596,1
14136018900,14136,"宮前区No.189","","散布地","川崎市宮前区菅生1-18","縄文　奈良　平安","生田緑地-18",63,139.554016,35.601593,1
14136019000,14136,"宮前区No.190","","散布地","川崎市宮前区水沢3-1","奈良　平安","蔵敷-20",64,139.5476809,35.59323221,1
14136019100,14136,"宮前区No.191","","散布地","川崎市宮前区神木本町1-25ほか","縄文　奈良　平安","五所塚-21",57,139.5821441,35.60428039,1
14136019300,14136,"宮前区No.193","","散布地","高津区上作延722ほか","縄文　古墳　奈良　平安　中世","津田山-23",57,139.5864501,35.59720074,1
14135000200,14135,"多摩区No.2","下原遺跡","集落跡","川崎市多摩区長尾7-12","縄文　弥生　古墳　奈良　平安","五所塚-2",56,139.584793,35.606651,1
14135000300,14135,"多摩区No.3","新林遺跡","集落跡","川崎市多摩区長尾7-29ほか","縄文　弥生　古墳　奈良　平安","五所塚-20",57,139.5807562,35.60596949,1
14135000400,14135,"多摩区No.4","長尾台遺跡・長尾台北遺跡","集落跡","川崎市多摩区長尾6-11","縄文　弥生　古墳　奈良　平安","五所塚-15",56,139.5806189,35.60804204,1
14135001000,14135,"多摩区No.10","","散布地","川崎市多摩区東生田4-8","縄文　奈良　平安","五所塚-29",63,139.566864,35.60405,1
14135001300,14135,"多摩区No.13","","散布地","川崎市多摩区東生田4-16ほか","縄文　奈良　平安","生田緑地-2",63,139.5638552,35.6050775,1
14135001600,14135,"多摩区No.16","廣福寺南遺跡","散布地","川崎市多摩区枡形6-7-8","縄文　奈良　平安","登戸-3",62,139.5591791,35.61382792,1
14135001800,14135,"多摩区No.18","榎戸遺跡","散布地 横穴墓","川崎市多摩区枡形4-12","縄文　弥生　古墳　奈良　平安","登戸-4",62,139.553177,35.617504,1
14135001900,14135,"多摩区No.19","","散布地","川崎市多摩区枡形6-26","縄文　奈良　平安","生田緑地-1",62,139.5580676,35.61171278,1
14135002000,14135,"多摩区No.20","","散布地","川崎市多摩区枡形6-26ほか","縄文　奈良　平安","生田緑地-3",62,139.557922,35.610565,1
14135003200,14135,"多摩区No.32","","散布地","川崎市多摩区西生田4-20ほか","縄文　古墳　奈良　平安","長沢-5",68,139.5246691,35.61075344,1
14135003300,14135,"多摩区No.33","","散布地","川崎市多摩区西生田3-22ほか","縄文　弥生　古墳　奈良　平安","長沢-4",68,139.528244,35.610363,1
14135003400,14135,"多摩区No.34","","散布地","川崎市多摩区西生田3-18","縄文　奈良　平安","西生田-11",68,139.5312266,35.61140937,1
14135003500,14135,"多摩区No.35","","散布地","川崎市多摩区栗谷2-13","縄文　古墳　奈良　平安","長沢-3",68,139.533813,35.609261,1
14135003600,14135,"多摩区No.36","","散布地","川崎市多摩区栗谷4-1ほか","縄文　奈良　平安","西生田-1",68,139.538711,35.61235836,1
14135003700,14135,"多摩区No.37","栗谷遺跡","集落跡","川崎市多摩区栗谷3-25ほか","縄文　奈良　平安","西生田-10",68,139.5363936,35.61319569,1
14135003800,14135,"多摩区No.38","","散布地","川崎市多摩区生田7-18ほか","奈良　平安","西生田-8",68,139.540344,35.616055,1
14135004100,14135,"多摩区No.41","","散布地","川崎市多摩区西生田2-12ほか","奈良　平安","西生田-2",68,139.5322823,35.61537097,1
14135004200,14135,"多摩区No.42","","散布地","川崎市多摩区西生田1-7","縄文　奈良　平安","西生田-5",68,139.5289693,35.61682229,1
14135004500,14135,"多摩No.45","寺尾台廃寺跡","社寺跡","川崎市多摩区寺尾台2-8","奈良　平安","西生田-7",67,139.5379816,35.62217577,1
14135004600,14135,"多摩No.46","","散布地","川崎市多摩区菅北浦5-3","縄文　奈良　平安","菅-1",67,139.5350462,35.62690601,1
14135005300,14135,"多摩区No.53","","散布地","川崎市多摩区菅仙谷1-4ほか","縄文　奈良　平安","菅-2",73,139.5215193,35.63149645,1
14135005400,14135,"多摩区No.54","亀の子山遺跡","集落跡","川崎市多摩区枡形5-6ほか","縄文　奈良　平安","登戸-5",62,139.5538791,35.61250651,1
14135005500,14135,"多摩区No.55","","散布地","川崎市多摩区長沢4-13ほか","縄文　奈良　平安","長沢-16",69,139.5365962,35.59801461,1
14135006200,14135,"多摩区No.62","","散布地","川崎市多摩区南生田2-29","縄文　奈良　平安","長沢-20",69,139.5279981,35.60349649,1
14135006600,14135,"多摩区No.66","東高根遺跡","散布地","川崎市宮前区神木本町2丁目","縄文　奈良　平安","五所塚-4",57,139.5843697,35.60502042,1
14137000100,14137,"麻生区No.1","","散布地","川崎市麻生区細山7-11","奈良　平安","稲城-1",73,139.5137317,35.62453087,1
14137000300,14137,"麻生区No.3","細山代官山遺跡","散布地 その他の墓","川崎市麻生区細山8-16ほか","弥生　古墳　奈良　平安","細山-7",73,139.5110709,35.62193547,1
14137000400,14137,"麻生区No.4","","散布地","川崎市麻生区細山8-7ほか","縄文　奈良　平安","細山-8",74,139.5112941,35.6206796,1
14137000500,14137,"麻生区No.5","細山遺跡","散布地","川崎市麻生区千代ヶ丘9-11ほか","弥生　奈良　平安","細山-13",74,139.5087661,35.61885746,1
14137000600,14137,"麻生区No.6","","散布地","川崎市麻生区細山4-22ほか","縄文　奈良　平安","細山-9",74,139.5116672,35.61885746,1
14137000900,14137,"麻生区No.9","","散布地","川崎市麻生区細山1-10ほか","縄文　奈良　平安","細山-4",74,139.518172,35.61974175,1
14137001000,14137,"麻生区No.10","","散布地","川崎市麻生区多摩美2-12ほか","縄文　奈良　平安","細山-2",74,139.5209185,35.61988129,1
14137001200,14137,"麻生区No.12","香林寺北遺跡","散布地","川崎市麻生区細山3-8ほか","縄文　奈良　平安","細山-10",74,139.5122518,35.61610026,1
14137001600,14137,"麻生区No.16","弦巻遺跡・稲荷森遺跡","散布地","川崎市麻生区高石3-25ほか","縄文　弥生　古墳　奈良　平安","細山-5",74,139.5191183,35.61470475,1
14137001900,14137,"麻生区No.19","","集落跡","川崎市麻生区高石2-2ほか","縄文　奈良　平安","細山-12",74,139.5113983,35.61058686,1
14137002000,14137,"麻生区No.20","","散布地","川崎市麻生区高石5-15ほか","縄文　奈良　平安","長沢-7",75,139.5216751,35.60452277,1
14137002400,14137,"麻生区No.24","日吉谷遺跡","散布地","川崎市麻生区王禅寺東2-42","縄文　奈良　平安","王禅寺-6",76,139.5194058,35.59050441,1
14137002700,14137,"麻生区No.27","","散布地","川崎市麻生区千代ヶ丘3-17ほか","奈良　平安","細山-15",74,139.5078738,35.61321125,1
14137003200,14137,"麻生区No.32","","散布地","川崎市麻生区万福寺215ほか","奈良　平安","百合丘-4",75,139.5036008,35.60676765,1
14137003500,14137,"麻生区No.35","","散布地","川崎市麻生区万福寺550ほか","縄文　弥生　古墳　奈良　平安","百合丘-1",74,139.5109276,35.60824351,1
14137003600,14137,"麻生区No.36","","散布地","川崎市麻生区古沢246ほか","縄文　奈良　平安","百合丘-5",80,139.4991988,35.60433912,1
14137003800,14137,"麻生区No.38","","散布地","川崎市麻生区五力田249ほか","縄文　弥生　古墳　奈良　平安","五力田-7",80,139.4909762,35.60442287,1
14137004000,14137,"麻生区No.40","","散布地","川崎市麻生区古沢564ほか","縄文　奈良　平安","五力田-2",80,139.4959544,35.60470201,1
14137004200,14137,"麻生区No.42","古沢都古遺跡","散布地","川崎市麻生区古沢287ほか","奈良　平安","百合丘-6",80,139.4992846,35.60298528,1
14137004500,14137,"麻生区No.45","","散布地","川崎市麻生区五力田3-16ほか","縄文　弥生　古墳　奈良　平安","五力田-5",80,139.4958,35.60069666,1
14137004600,14137,"麻生区No.46","","散布地","川崎市麻生区五力田3-4ほか","縄文　弥生　古墳　奈良　平安","五力田-4",80,139.4979457,35.60020814,1
14137004700,14137,"麻生区No.47","菓積台遺跡","集落跡","川崎市麻生区片平1-8ほか","縄文　奈良　平安","百合丘-8",80,139.4993877,35.59960795,1
14137004800,14137,"麻生区No.48","山口台遺跡群上台遺跡","集落跡","川崎市麻生区上麻生4-41","縄文　弥生　古墳　奈良　平安","王禅寺-3",75,139.5020656,35.596593,1
14137005000,14137,"麻生区No.50","大ヶ谷戸遺跡","集落跡","川崎市麻生区上麻生5-21ほか","縄文　弥生　古墳　奈良　平安","王禅寺-5",81,139.5001773,35.59131655,1
14137005400,14137,"麻生区No.54","東柿生小学校北遺跡","散布地","川崎市麻生区王禅寺133ほか","縄文　弥生　古墳　奈良　平安","早野-10",76,139.510942,35.58036705,1
14137005500,14137,"麻生区No.55","","散布地","川崎市麻生区王禅寺24-2","縄文　古墳　奈良　平安","早野-11",77,139.5129505,35.57968295,1
14137005600,14137,"麻生区No.56","","散布地","川崎市麻生区王禅寺183ほか","縄文　弥生　古墳　奈良　平安","早野-12",77,139.5139118,35.5795573,1
14137005700,14137,"麻生区No.57","","散布地","川崎市麻生区王禅寺288","縄文　弥生　古墳　奈良　平安","早野-1",77,139.5176122,35.57915786,1
14137006000,14137,"麻生区No.60","","散布地","川崎市麻生区早野28","縄文　弥生　古墳　奈良　平安","早野-14",77,139.5140588,35.57684022,1
14137006100,14137,"麻生区No.61","東柿生小学校内遺跡","散布地","川崎市麻生区王禅寺94ほか","縄文　弥生　古墳　奈良　平安 中世","早野-13",77,139.5111038,35.57848934,1
14137006500,14137,"麻生区No.65","","散布地","川崎市麻生区早野950ほか","縄文　弥生　古墳　奈良　平安","早野-5",77,139.5153463,35.57314025,1
14137006600,14137,"麻生区No.66","","散布地","川崎市麻生区早野932ほか","縄文　古墳　奈良　平安","早野-6",77,139.5163591,35.57213495,1
14137006800,14137,"麻生区No.68","早野上ノ原遺跡","散布地","川崎市麻生区早野798ほか","旧石器　縄文　弥生　古墳 奈良　平安　中世　近世","早野-7",77,139.5190885,35.57052922,1
14137006900,14137,"麻生区No.69","","散布地","川崎市麻生区早野718ほか","奈良　平安","早野-8",77,139.516531,35.57065724,1
14137007000,14137,"麻生区No.70","","散布地","川崎市麻生区早野634ほか","縄文　弥生　古墳　奈良　平安","鴨志田-1",77,139.515312,35.5685325,1
14137007200,14137,"麻生区No.72","","散布地","川崎市麻生区上麻生7-41","縄文　弥生　古墳　奈良　平安 中世","早野-18",77,139.5057273,35.57897306,1
14137007300,14137,"麻生区No.73","","散布地","川崎市麻生区上麻生7-27","縄文　弥生　古墳　奈良　平安","早野-20",77,139.502813,35.58009766,1
14137007500,14137,"麻生区No.75","","散布地","川崎市麻生区片平3-10ほか","縄文　弥生　古墳　奈良　平安","片平-1",81,139.492866,35.58983765,1
14137007600,14137,"麻生区No.76","","散布地","川崎市麻生区片平4-8ほか","奈良　平安","片平-2",81,139.4903284,35.59211069,1
14137007800,14137,"麻生区No.78","","散布地","川崎市麻生区片平4-14ほか","縄文　奈良　平安","片平-6",80,139.4873738,35.59374742,1
14137007900,14137,"麻生区No.79","","散布地","川崎市麻生区片平2014ほか","縄文　奈良　平安","片平-5",80,139.4860177,35.59522704,1
14137008000,14137,"麻生区No.80","","散布地","川崎市麻生区片平1785ほか","縄文　奈良　平安","片平-7",80,139.4831337,35.59625998,1
14137008100,14137,"麻生区No.81","桐光学園第ニグラウンド建設予定地内遺跡","散布地","川崎市麻生区片平1642ほか","縄文　奈良　平安","五力田-12",80,139.4827657,35.5982679,1
14137008200,14137,"麻生区No.82","","集落跡","川崎市麻生区片平1610ほか","縄文　奈良　平安","片平-8",85,139.4798765,35.59689825,1
14137008400,14137,"麻生区No.84","","散布地","川崎市麻生区片平1556ほか","縄文　弥生　古墳　奈良　平安","五力田-10",80,139.4812781,35.60019214,1
14137008600,14137,"麻生区No.86","栗木南IV遺跡","散布地","川崎市麻生区栗木227ほか","縄文　奈良　平安","五力田-9",85,139.4773235,35.6003038,1
14137009300,14137,"麻生区No.93","栗木IV遺跡","散布地","川崎市麻生区黒川404ほか","縄文　弥生　古墳　奈良　平安","黒川-3",84,139.4733463,35.61377364,1
14137010300,14137,"麻生区No.103","","散布地","川崎市麻生区黒川1649ほか","縄文　弥生　古墳　奈良　平安","多摩-1",88,139.4530028,35.61764213,1
14137010500,14137,"麻生区No.105","","散布地 横穴墓","川崎市麻生区岡上526ほか","縄文　弥生　古墳　奈良　平安","栗ヶ谷戸-1",87,139.476636,35.57984618,1
14137010600,14137,"麻生区No.106","","散布地","川崎市麻生区岡上593ほか","奈良　平安","岡上-8",87,139.4785373,35.57889802,1
14137010700,14137,"麻生区No.107","","散布地","川崎市麻生区岡上585ほか","奈良　平安","岡上-9",87,139.4787776,35.578179,1
14137010800,14137,"麻生区No.108","","散布地","川崎市麻生区岡上540","縄文　弥生　古墳　奈良　平安","栗ヶ谷戸-2",87,139.4767177,35.5778509,1
14137010900,14137,"麻生区No.109","","散布地","川崎市麻生区岡上621ほか","弥生　古墳　奈良　平安","岡上-7",87,139.4799192,35.57888406,1
14137011000,14137,"麻生区No.110","岡上丸山遺跡","散布地","川崎市麻生区岡上675-1ほか","縄文　弥生　古墳　奈良　平安","岡上-6",82,139.4829273,35.57903526,1
14137011100,14137,"麻生区No.111","","散布地","川崎市麻生区岡上184ほか","縄文　弥生　古墳　奈良　平安","岡上-3",81,139.487133,35.58172978,1
14137011200,14137,"麻生区No.112","","散布地","川崎市麻生区岡上137ほか","縄文　弥生　古墳　奈良　平安","岡上-1・2",81,139.4882145,35.58145056,1
14137011300,14137,"麻生区No.113","","散布地","川崎市麻生区岡上219ほか","縄文　弥生　古墳　奈良　平安","岡上-10",81,139.4858799,35.58104569,1
14137011400,14137,"麻生区No.114","岡上廃寺推定地、岡上栗畑遺跡","社寺跡 集落跡","川崎市麻生区岡上794","縄文　弥生　古墳　奈良　平安","岡上-4",82,139.4864464,35.57897942,1
14137011500,14137,"麻生区No.115","","散布地","川崎市麻生区岡上815","縄文　弥生　古墳　奈良　平安","岡上-5",82,139.4845924,35.57673159,1
14137011700,14137,"麻生区No.117","","散布地","川崎市麻生区岡上972ほか","縄文　弥生　奈良　平安","岡上-12",82,139.4812194,35.57500145,1
14137011900,14137,"麻生区No.119","","散布地","川崎市麻生区岡上1331ほか","弥生　奈良　平安","栗ヶ谷戸-3",87,139.4760696,35.57180406,1
14137012100,14137,"麻生区No.121","金程向原遺跡第１地点","集落跡 板碑","川崎市麻生区向原1-3ほか","縄文　奈良　平安","細山-23",79,139.500122,35.615639,1
14137012200,14137,"麻生区No.122","金程向原遺跡第２地点","集落跡","川崎市麻生区金程3-16ほか","縄文　奈良　平安","細山-24",79,139.4994581,35.61377295,1
14137012300,14137,"麻生区No.123","潮見台遺跡Ｆ・Ｇ地点","散布地","川崎市麻生区百合丘3-21ほか","縄文　奈良　平安","稗原-11",69,139.5186,35.601406,1
14137012400,14137,"麻生区No.124","五力田遺跡","集落跡","川崎市麻生区五カ田278ほか","奈良　平安","五力田-14",79,139.4867047,35.60723693,1
14137012500,14137,"麻生区No.125","五力田遺跡","集落跡","川崎市麻生区五カ田300ほか","奈良　平安","五力田-15",79,139.4847478,35.60790684,1
14137012800,14137,"麻生区No.128","王禅寺入口遺跡","散布地","川崎市麻生区王禅寺153ほか","奈良　平安","早野-26",77,139.5120137,35.57982964,1
