"JASID","自治体コード","遺跡番号","遺跡名","種類","所在地","時代","旧市番号","地図","経度","緯度","平安"
14131000500,14131,"川崎区No.5","渡田貝塚","貝塚","川崎区渡田2-14-8ほか","奈良　平安",",25,139.7066,35.52068,1
14131000600,14131,"川崎区No.6","大島貝塚","貝塚","川崎区大島2-10-6ほか","奈良　平安",",25,139.7148,35.52154,1
14132000800,14132,"幸区No.8","","散布地","幸区南加瀬2-2","弥生　奈良　平安","夢見ヶ崎-8",37,139.665,35.54897,1
14133000800,14133,"中原区No.8","井田西遺跡、井田中原遺跡","集落跡","中原区井田3-34ほか","縄文　弥生　古墳　奈良　平安　中世","井田-4",42,139.6379,35.5606,1
14134002500,14134,"高津区No.25","緑ヶ丘霊園内遺跡・ビシャモン塚","集落跡 古墳","高津区上作延5-7","縄文　弥生　古墳　平安","津田山-16",56,139.5888,35.60729,1
14134003300,14134,"高津区No.33","","散布地","高津区下作延23付近","奈良　平安","津田山-38",51,139.5993,35.6016,1
14134003400,14134,"高津区No.34","","散布地","高津区上作延139","奈良　平安","津田山-39",51,139.5945,35.60133,1
14134003700,14134,"高津区No.37","下作延巳ノ谷遺跡・下作延神明神社東南遺跡","集落跡","高津区下作延4-17","縄文　弥生　古墳　奈良　平安 中世","津田山-13",51,139.6035,35.59948,1
14134003800,14134,"高津区No.38","下作延遺跡","集落跡","高津区下作延2-31","弥生　古墳　奈良　平安","津田山-42",51,139.605,35.59869,1
14134003900,14134,"高津区No.39","","散布地","高津区上作延722ほか","縄文　古墳　奈良　平安　中世","津田山-23",57,139.5875,35.59824,1
14134004100,14134,"高津区No.41","上作延南原遺跡","集落跡","高津区上作延796ほか","縄文　弥生　古墳　奈良　平安","宮崎-19",57,139.5895,35.59683,1
14134004300,14134,"高津区No.43","上作延南原遺跡","散布地","高津区上作延824ほか","縄文　弥生　古墳　奈良　平安","宮崎-18",57,139.5913,35.59736,1
14134004800,14134,"高津区No.48","上作延南原東遺跡","集落跡","高津区上作延1066ほか","縄文　奈良　平安","宮崎-13",51,139.5967,35.59573,1
14134004900,14134,"高津区No.49","上作延神明社脇遺跡","散布地","高津区下作延1118ほか","縄文　奈良　平安","宮崎-8",51,139.599,35.5956,1
14134005000,14134,"高津区No.50","","散布地","高津区下作延3-5","奈良　平安","宮崎-9",51,139.6013,35.59566,1
14134005100,14134,"高津区No.51","下作延巳ノ谷遺跡・上作延南谷一遺跡","集落跡","高津区下作延4-51","縄文　弥生　古墳　奈良　平安","宮崎-7",51,139.6029,35.59716,1
14134005200,14134,"高津区No.52","久保台遺跡","集落跡","高津区末長1-6","縄文　弥生　古墳　奈良　平安","宮崎-1",51,139.6061,35.59564,1
14134005400,14134,"高津区No.54","久本桃之園遺跡・久本梅之園遺跡","集落跡","高津区久本1-12","縄文　弥生　奈良　平安","末長-2",51,139.6098,35.59647,1
14134005700,14134,"高津区No.57","末長久保台北遺跡","集落跡 貝塚","高津区末長1-1","縄文　弥生　古墳　奈良　平安","末長-5",51,139.6109,35.59495,1
14134005800,14134,"高津区No.58","末長久保台遺跡","集落跡","高津区末長2-1","縄文　弥生　平安","宮崎-6",52,139.611,35.59321,1
14134005900,14134,"高津区No.59","末長火葬墓","その他の墓","高津区久本2-11","平安","宮崎-15",52,139.6121,35.59349,1
14134006000,14134,"高津区No.60","末長富士見台遺跡","集落跡","高津区末長2-4","縄文　奈良　平安","末長-7",48,139.6127,35.5921,1
14134006600,14134,"高津区No.66","末長向台遺跡","集落跡","高津区末長1-41","縄文　古墳　奈良　平安","宮崎-5",52,139.6068,35.59048,1
14134006900,14134,"高津区No.69","大原遺跡・新作小高台遺跡","集落跡","高津区新作1-9","縄文　古墳　奈良　平安","末長-9",52,139.6107,35.58747,1
14134007100,14134,"高津区No.71","薬師院裏遺跡","集落跡","高津区末長2-27","奈良　平安","末長-10",48,139.614,35.58755,1
14134007200,14134,"高津区No.72","新作小高台遺跡","集落跡","高津区新作1-11","縄文　弥生　奈良　平安","末長-11",52,139.6125,35.58648,1
14134007300,14134,"高津区No.73","新作池ノ谷遺跡","集落跡","高津区新作1-19","縄文　弥生　奈良　平安","末長-14",52,139.6104,35.58496,1
14134007400,14134,"高津区No.74","","散布地","高津区梶ヶ谷5-11","縄文　弥生　古墳　奈良　平安","馬絹-1",52,139.608,35.58331,1
14134007500,14134,"高津区No.75","","集落跡","高津区新作2-3ほか","縄文　弥生　古墳　奈良　平安","千年-13",48,139.6127,35.58323,1
14134007700,14134,"高津区No.77","新作二丁目遺跡","集落跡","高津区新作2-15ほか","縄文　弥生　古墳　奈良　平安","千年-14",48,139.6143,35.58289,1
14134008300,14134,"高津区No.83","千年-８遺跡","集落跡","高津区千年1177ほ","縄文　弥生　古墳　奈良　平安","千年-8",48,139.6188,35.58168,1
14134008500,14134,"高津区No.85","野川南耕地遺跡","集落跡","川崎市高津区東野川2-15","縄文　弥生　古墳　奈良　平安","久末-8",49,139.6148,35.56916,1
14134009500,14134,"高津区No.95","千年蟻山遺跡・伊勢山台北遺跡・千年伊勢山台遺跡・伊勢山台東遺跡・影向寺南遺跡","官衙跡 集落跡","高津区千年520ほか","縄文　弥生　古墳　奈良　平安 中世","千年-5",49,139.6224,35.57739,1
14134009600,14134,"高津区No.96","下原宿遺跡","散布地","高津区千年300","縄文　弥生　古墳　奈良　平安","千年-6",49,139.6243,35.57575,1
14134009900,14134,"高津区No.99","子母口植之台遺跡","集落跡","高津区子母口113ほか","縄文　古墳　奈良　平安　中世","千年-23",49,139.6256,35.5739,1
14134010100,14134,"高津区No.101","子母口貝塚・子母口根方遺跡","集落跡","高津区子母口240ほか","縄文　弥生　古墳　奈良　平安","千年-2",49,139.6283,35.57222,1
14134010600,14134,"高津区No.106","末長久保台南遺跡","集落跡","高津区末長1-18","縄文　弥生　古墳　奈良　平安","宮崎-3",52,139.6089,35.59414,1
14134012400,14134,"高津区No.124","","散布地","高津区千年1123","縄文　古墳　奈良　平安","末長-21",48,139.6212,35.58065,1
14134012500,14134,"高津区No.125","","古墳","高津区梶ヶ谷5-10","縄文　古墳　奈良　平安","千年-31",52,139.6066,35.58425,1
14134013200,14134,"高津区No.132","","散布地","高津区新作1-22","奈良　平安","宮崎-36",52,139.608,35.5881,1
14134013300,14134,"高津区No.133","","散布地","高津区梶ヶ谷6-3","奈良　平安","宮崎-37",52,139.6086,35.58445,1
14134013800,14134,"高津区No.138","","散布地","高津区北野川6ほか","古墳　奈良　平安","千年-30",49,139.6216,35.57889,1
14134014700,14134,"高津区No.147","影向寺台西遺跡・三荷座前遺跡","集落跡","宮前区野川本町1-38","縄文　弥生　奈良　平安　中世","千年-10",48,139.6069,35.57806,1
14134014800,14134,"高津区No.148","影向寺遺跡・影向寺裏貝塚・影向寺台遺跡・影向寺北遺跡","社寺跡 集落跡 貝塚","宮前区野川本町3-4","縄文　弥生　古墳　奈良　平安 中世","千年-11",49,139.6183,35.57945,1
14134015000,14134,"高津区No.150","","散布地","宮前区宮崎3-3-22ほか","縄文　古墳　奈良　平安","宮崎-15",52,139.5935,35.59211,1
14136000200,14136,"宮前区No.2","野川北耕地遺跡","集落跡","川崎市宮前区野川本町1-29","縄文　弥生　古墳　奈良　平安","千年-15",48,139.6146,35.58021,1
14136000400,14136,"宮前区No.4","影向寺台西遺跡・三荷座前遺跡","集落跡","川崎市宮前区野川本町1-38","縄文　弥生　奈良　平安　中世","千年-10",48,139.6166,35.57913,1
14136000500,14136,"宮前区No.5","影向寺遺跡・影向寺裏貝塚・影向寺台遺跡・影向寺北遺跡","社寺跡 集落跡 貝塚","川崎市宮前区野川本町3-4","縄文　弥生　古墳　奈良　平安　中世","千年-11",49,139.6188,35.5786,1
14136000600,14136,"宮前区No.6","野川神明社境内遺跡","集落跡","川崎市宮前区野川本町3-10","縄文　弥生　古墳　奈良　平安","千年-12",48,139.6185,35.57596,1
14136000700,14136,"宮前区No.7","野川東耕地遺跡","集落跡","川崎市宮前区野川野川本町2-20","縄文　弥生　古墳　奈良　平安","千年-18",53,139.6151,35.57469,1
14136001000,14136,"宮前区No.10","十三菩提西遺跡","集落跡","川崎市宮前区野川2290ほか","縄文　弥生　古墳　奈良　平安","野川-1",54,139.6073,35.56762,1
14136001100,14136,"宮前区No.11","","散布地","川崎市宮前区西野川3-13","縄文　弥生　古墳　奈良　平安","野川-2",53,139.6058,35.5693,1
14136001200,14136,"宮前区No.12","","散布地","川崎市宮前区西野川3-12","縄文　弥生　古墳　奈良　平安","野川-3",53,139.6028,35.569,1
14136001300,14136,"宮前区No.13","","その他の墓","川崎市宮前区野川2624","平安","野川-7",53,139.6041,35.56803,1
14136001400,14136,"宮前区No.14","","その他の墓","川崎市宮前区野川2618","平安","野川-8",53,139.6032,35.56788,1
14136001500,14136,"宮前区No.15","","散布地","川崎市宮前区野川2660ほか","奈良　平安","野川-4",54,139.6014,35.56668,1
14136001700,14136,"宮前区No.17","東有馬遺跡","散布地","川崎市宮前区東有馬5-14ほか","縄文　奈良　平安","野川-6",53,139.5933,35.56791,1
14136001900,14136,"宮前区No.19","","散布地 その他の墓","川崎市宮前区梶ヶ谷1117ほか","縄文　奈良　平安","馬絹-2",53,139.605,35.57899,1
14136002100,14136,"宮前区No.21","野川中耕地遺跡","散布地","川崎市宮前区西野川2-14","縄文　奈良　平安","馬絹-3",53,139.6081,35.57414,1
14136002200,14136,"宮前区No.22","","散布地","川崎市宮前区野川3119ほか","縄文　弥生　古墳　奈良　平安","馬絹-18",53,139.6026,35.57518,1
14136002300,14136,"宮前区No.23","","散布地","川崎市宮前区西野川3-8","縄文　弥生　古墳　奈良　平安","馬絹-8",53,139.6034,35.57304,1
14136002400,14136,"宮前区No.24","","その他の墓","川崎市宮前区西野川3-5","平安","馬絹-26",53,139.6051,35.57186,1
14136002600,14136,"宮前区No.26","野川西耕地遺跡","集落跡 その他の墓","川崎市宮前区野川2935ほか","縄文　奈良　平安","馬絹-11",53,139.5988,35.57326,1
14136002700,14136,"宮前区No.27","","散布地","川崎市宮前区宮崎3-3-22ほか","縄文　古墳　奈良　平安","宮崎-15",52,139.5879,35.58863,1
14136003200,14136,"宮前区No.32","","その他の墓","川崎市宮前区馬絹6-19","平安","馬絹-19",52,139.5965,35.58346,1
14136003300,14136,"宮前区No.33","","その他の墓","川崎市宮前区馬絹1-13","平安","馬絹-20",52,139.5958,35.58317,1
14136003600,14136,"宮前区No.36","","散布地","川崎市宮前区宮崎1-10ほか","縄文　弥生　古墳　奈良　平安","宮崎-33",52,139.5918,35.58506,1
14136003700,14136,"宮前区No.37","","散布地","川崎市宮前区馬絹2-9","縄文　奈良　平安","馬絹-13",52,139.5921,35.5815,1
14136004300,14136,"宮前区No.43","","その他の墓","川崎市宮前区東有馬1-1","平安","馬絹-14",59,139.5904,35.57767,1
14136004400,14136,"宮前区No.44","","その他の墓","川崎市宮前区東有馬1-2","平安","馬絹-24",59,139.5901,35.57673,1
14136004500,14136,"宮前区No.45","東有馬一丁目遺跡・骨蔵器","集落跡 その他の墓","川崎市宮前区有馬3-4ほか","縄文　弥生　古墳　奈良　平安","馬絹-23",59,139.588,35.57774,1
14136004600,14136,"宮前区No.46","","散布地","川崎市宮前区東有馬2-36ほか","縄文　平安","馬絹-12",53,139.5939,35.57323,1
14136004700,14136,"宮前区No.47","","散布地","川崎市宮前区東有馬2-32","縄文　奈良　平安","馬絹-15",53,139.5926,35.57439,1
14136004800,14136,"宮前区No.48","骨蔵器","散布地 その他の墓","川崎市宮前区東有馬3-9ほか","縄文　奈良　平安","馬絹-16",53,139.5902,35.5733,1
14136004900,14136,"宮前区No.49","","その他の墓","川崎市宮前区東有馬3-13","平安","馬絹-25",59,139.59,35.57228,1
14136005500,14136,"宮前区No.55","","その他の墓","川崎市宮前区有馬7-1ほか","平安","有馬-14",59,139.5775,35.5728,1
14136005700,14136,"宮前区No.57","","散布地","川崎市宮前区有馬8-19","奈良　平安","有馬-18",59,139.5737,35.57304,1
14136006300,14136,"宮前区No.63","","散布地","川崎市宮前区小台1-10","縄文　弥生　古墳　奈良　平安","有馬-2",59,139.5792,35.58004,1
14136006500,14136,"宮前区No.65","","その他の墓","川崎市宮前区小台1-11ほか","平安","有馬-10",59,139.5773,35.57945,1
14136006600,14136,"宮前区No.66","","散布地","川崎市宮前区有馬1-1","縄文　平安","有馬-16",59,139.5761,35.57843,1
14136006700,14136,"宮前区No.67","","その他の墓","川崎市宮前区有馬1-9","平安","有馬-25",59,139.5791,35.57829,1
14136007200,14136,"宮前区No.72","","その他の墓","川崎市宮前区鷺沼4-9-6","平安","有馬-20",64,139.5677,35.58255,1
14136007500,14136,"宮前区No.75","東高根遺跡","集落跡","川崎市宮前区神木本町2-10","縄文　弥生　古墳　奈良　平安","五所塚-3",57,139.5864,35.60489,1
14136007600,14136,"宮前区No.76","東高根遺跡","散布地","川崎市宮前区神木本町2丁目","縄文　奈良　平安","五所塚-4",57,139.5853,35.60342,1
14136008100,14136,"宮前区No.81","","散布地","川崎市宮前区五所塚1-6ほか","縄文　奈良　平安","五所塚-35",57,139.5759,35.60579,1
14136008300,14136,"宮前区No.83","東泉寺上遺跡","集落跡","川崎市宮前区平1-11","縄文　弥生　古墳　奈良　平安","五所塚-22",57,139.5786,35.60243,1
14136008400,14136,"宮前区No.84","","散布地","川崎市宮前区平1-10-39","縄文　古墳　奈良　平安","五所塚-23",57,139.5794,35.60205,1
14136008800,14136,"宮前区No.88","","散布地","川崎市宮前区平2-15ほか","縄文　奈良　平安","五所塚-39",57,139.5743,35.60205,1
14136008900,14136,"宮前区No.89","風久保遺跡・風久保西遺跡","集落跡 墓地","川崎市宮前区平2-12","縄文　弥生　平安","五所塚-27",57,139.5745,35.60111,1
14136009100,14136,"宮前区No.91","","散布地","川崎市宮前区平2-16","弥生　奈良　平安","五所塚-28",57,139.5729,35.60105,1
14136009200,14136,"宮前区No.92","","散布地","川崎市宮前区平2-7","縄文　奈良　平安","五所塚-33",57,139.5703,35.60129,1
14136009300,14136,"宮前区No.93","","散布地","川崎市宮前区初山1-3","縄文　奈良　平安","五所塚-32",63,139.5669,35.60157,1
14136009500,14136,"宮前区No.95","","散布地","川崎市宮前区初山2-7","縄文　奈良　平安","五所塚-34",63,139.5668,35.59768,1
14136010000,14136,"宮前区No.100","","散布地","川崎市宮前区神木本町48ほか","縄文　奈良　平安","五所塚-9",57,139.5836,35.59884,1
14136010200,14136,"宮前区No.102","","散布地","川崎市宮前区神木本町4-18","縄文　弥生　古墳　奈良　平安","五所塚-11",57,139.5851,35.5973,1
14136010600,14136,"宮前区No.106","","散布地","川崎市宮前区神木2-9","縄文　弥生　古墳　奈良　平安","土橋-2",57,139.5818,35.59532,1
14136010700,14136,"宮前区No.107","","散布地","川崎市宮前区神木本町4-3-4ほか","縄文　弥生　古墳　奈良　平安","五所塚-10",57,139.5819,35.59786,1
14136010800,14136,"宮前区No.108","","散布地","川崎市宮前区平6-1ほか","縄文　奈良　平安","五所塚-25",57,139.579,35.59845,1
14136010900,14136,"宮前区No.109","","散布地","川崎市宮前区平6-8ほか","縄文　弥生　古墳　奈良　平安","土橋-18",57,139.5772,35.59646,1
14136011200,14136,"宮前区No.112","","散布地 その他の墓","川崎市宮前区宮崎6-5","縄文　弥生　平安","土橋-23",58,139.5799,35.5921,1
14136011500,14136,"宮前区No.115","","その他の墓","川崎市宮前区宮崎6-3-10","平安","土橋-13",58,139.5839,35.593,1
14136011600,14136,"宮前区No.116","","散布地 その他の墓","川崎市宮前区宮崎6-4-6ほか","縄文　平安","土橋-12",58,139.5847,35.5931,1
14136011700,14136,"宮前区No.117","","散布地","川崎市宮前区宮崎4-1ほか","縄文　弥生　古墳　奈良　平安","土橋-3",58,139.5863,35.59327,1
14136012700,14136,"宮前区No.127","土橋-４遺跡","散布地","川崎市宮前区宮前平2-12ほか","縄文　古墳　奈良　平安","土橋-4",58,139.5828,35.58765,1
14136014000,14136,"宮前区No.140","","散布地","川崎市宮前区犬蔵2-16","縄文　弥生　古墳　奈良　平安","蔵敷-5",64,139.5629,35.58685,1
14136014200,14136,"宮前区No.142","","散布地","川崎市宮前区犬蔵2-33ほか","縄文　奈良　平安","元石川-l",64,139.563,35.58245,1
14136014700,14136,"宮前区No.147","","散布地","川崎市宮前区菅生1-33ほか","縄文　奈良　平安","生田緑地-7",63,139.5554,35.59985,1
14136014800,14136,"宮前区No.148","","散布地","川崎市宮前区菅生1-36","縄文　奈良　平安","生田緑地-5",63,139.5554,35.59985,1
14136014900,14136,"宮前区No.149","","散布地","川崎市宮前区菅生1-12","縄文　弥生　古墳　奈良　平安","生田緑地-4",63,139.5568,35.60137,1
14136015000,14136,"宮前区No.150","","散布地","川崎市宮前区菅生1-9","縄文　弥生　古墳　奈良　平安","生田緑地-6",63,139.5533,35.60074,1
14136015100,14136,"宮前区No.151","菅生遺跡","散布地","川崎市宮前区菅生2-10","縄文　奈良　平安","生田緑地-13",63,139.5528,35.59878,1
14136015300,14136,"宮前区No.153","","その他の墓","川崎市宮前区菅生2-14","平安","生田緑地-14",63,139.5501,35.5986,1
14136015400,14136,"宮前区No.154","","散布地 その他の墓","川崎市宮前区菅生2-6ほか","縄文　平安","生田緑地-10",63,139.5538,35.59687,1
14136015900,14136,"宮前区No.159","","散布地","川崎市宮前区菅生4-5ほか","縄文　奈良　平安","蔵敷-18",64,139.5535,35.59213,1
14136016300,14136,"宮前区No.163","","散布地","川崎市宮前区水沢1-2ほか","縄文　弥生　古墳　奈良　平安","蔵敷-14",64,139.5475,35.58964,1
14136016500,14136,"宮前区No.165","菅生水沢遺跡Ｅ地点","集落跡","川崎市宮前区菅生4-14ほか","奈良　平安","蔵敷-10",64,139.5499,35.59249,1
14136016600,14136,"宮前区No.166","菅生水沢遺跡Ｄ地点・Ｆ地点","集落跡","川崎市宮前区水沢1-1","縄文　弥生　古墳　奈良　平安","蔵敷-13",64,139.5469,35.59226,1
14136016700,14136,"宮前区No.167","","散布地","川崎市宮前区水沢2-9","縄文　奈良　平安","稗原-10",70,139.5422,35.59244,1
14136016900,14136,"宮前区No.169","","散布地","川崎市宮前区潮見台7","奈良　平安","稗原-5",70,139.5395,35.59608,1
14136017000,14136,"宮前区No.170","潮見台遺跡Ａ地点","散布地 その他の墓","川崎市宮前区潮見台3-8ほか","縄文　平安","稗原-6",69,139.5362,35.59537,1
14136017100,14136,"宮前区No.171","潮見台遺跡Ｃ地点","散布地 その他の墓","川崎市宮前区潮見台2-38ほか","縄文　弥生　古墳　奈良　平安","稗原-3",69,139.5364,35.5946,1
14136017300,14136,"宮前区No.173","","散布地","川崎市宮前区潮見台4","縄文　奈良　平安","稗原-7",69,139.531,35.59544,1
14136017400,14136,"宮前区No.174","","散布地","川崎市宮前区潮見台7","縄文　奈良　平安","稗原-8",69,139.5291,35.59365,1
14136017600,14136,"宮前区No.176","野川東耕地北遺跡","散布地","川崎市宮前区野川本町2-8","縄文　古墳　奈良　平安","千年-24",48,139.6146,35.57685,1
14136017700,14136,"宮前区No.177","","散布地","川崎市宮前区有馬1-5","縄文　奈良　平安","有馬-26",59,139.5775,35.57821,1
14136017800,14136,"宮前区No.178","","その他の墓","川崎市宮前区東有馬1-3","平安","馬絹-27",59,139.5899,35.57765,1
14136017900,14136,"宮前区No.179","","散布地","川崎市宮前区野川本町2-7","縄文　古墳　奈良　平安","千年-28",48,139.6135,35.5768,1
14136018000,14136,"宮前区No.180","","散布地","川崎市宮前区西野川1-15","縄文　弥生　古墳　奈良　平安","馬絹-7",53,139.601,35.57612,1
14136018900,14136,"宮前区No.189","","散布地","川崎市宮前区菅生1-18","縄文　奈良　平安","生田緑地-18",63,139.554,35.60159,1
14136019000,14136,"宮前区No.190","","散布地","川崎市宮前区水沢3-1","奈良　平安","蔵敷-20",64,139.5477,35.59323,1
14136019100,14136,"宮前区No.191","","散布地","川崎市宮前区神木本町1-25ほか","縄文　奈良　平安","五所塚-21",57,139.5821,35.60428,1
14136019200,14136,"宮前区No.192","","その他の墓","川崎市宮前区有馬4-16","平安","―",59,139.5818,35.57549,1
14136019300,14136,"宮前区No.193","","散布地","高津区上作延722ほか","縄文　古墳　奈良　平安　中世","津田山-23",57,139.5865,35.5972,1
14135000200,14135,"多摩区No.2","下原遺跡","集落跡","川崎市多摩区長尾7-12","縄文　弥生　古墳　奈良　平安","五所塚-2",56,139.5848,35.60665,1
14135000300,14135,"多摩区No.3","新林遺跡","集落跡","川崎市多摩区長尾7-29ほか","縄文　弥生　古墳　奈良　平安","五所塚-20",57,139.5808,35.60597,1
14135000400,14135,"多摩区No.4","長尾台遺跡・長尾台北遺跡","集落跡","川崎市多摩区長尾6-11","縄文　弥生　古墳　奈良　平安","五所塚-15",56,139.5806,35.60804,1
14135001000,14135,"多摩区No.10","","散布地","川崎市多摩区東生田4-8","縄文　奈良　平安","五所塚-29",63,139.5669,35.60405,1
14135001100,14135,"多摩区No.11","","その他の墓","川崎市多摩区東生田4-10","平安","五所塚-40",63,139.5662,35.60319,1
14135001300,14135,"多摩区No.13","","散布地","川崎市多摩区東生田4-16ほか","縄文　奈良　平安","生田緑地-2",63,139.5639,35.60508,1
14135001600,14135,"多摩区No.16","廣福寺南遺跡","散布地","川崎市多摩区枡形6-7-8","縄文　奈良　平安","登戸-3",62,139.5592,35.61383,1
14135001800,14135,"多摩区No.18","榎戸遺跡","散布地 横穴墓","川崎市多摩区枡形4-12","縄文　弥生　古墳　奈良　平安","登戸-4",62,139.5532,35.6175,1
14135001900,14135,"多摩区No.19","","散布地","川崎市多摩区枡形6-26","縄文　奈良　平安","生田緑地-1",62,139.5581,35.61171,1
14135002000,14135,"多摩区No.20","","散布地","川崎市多摩区枡形6-26ほか","縄文　奈良　平安","生田緑地-3",62,139.5579,35.61057,1
14135002200,14135,"多摩区No.22","","その他の墓","川崎市多摩区南生田6-5","平安","長沢-14",69,139.5407,35.60409,1
14135002400,14135,"多摩区No.24","","その他の墓","川崎市多摩区南生田6-32","平安","長沢-15",69,139.5382,35.60543,1
14135003200,14135,"多摩区No.32","","散布地","川崎市多摩区西生田4-20ほか","縄文　古墳　奈良　平安","長沢-5",68,139.5247,35.61075,1
14135003300,14135,"多摩区No.33","","散布地","川崎市多摩区西生田3-22ほか","縄文　弥生　古墳　奈良　平安","長沢-4",68,139.5282,35.61036,1
14135003400,14135,"多摩区No.34","","散布地","川崎市多摩区西生田3-18","縄文　奈良　平安","西生田-11",68,139.5312,35.61141,1
14135003500,14135,"多摩区No.35","","散布地","川崎市多摩区栗谷2-13","縄文　古墳　奈良　平安","長沢-3",68,139.5338,35.60926,1
14135003600,14135,"多摩区No.36","","散布地","川崎市多摩区栗谷4-1ほか","縄文　奈良　平安","西生田-1",68,139.5387,35.61236,1
14135003700,14135,"多摩区No.37","栗谷遺跡","集落跡","川崎市多摩区栗谷3-25ほか","縄文　奈良　平安","西生田-10",68,139.5364,35.6132,1
14135003800,14135,"多摩区No.38","","散布地","川崎市多摩区生田7-18ほか","奈良　平安","西生田-8",68,139.5403,35.61606,1
14135003900,14135,"多摩区No.39","","その他の墓","川崎市多摩区生田6-15","平安","西生田-12",68,139.5344,35.61685,1
14135004100,14135,"多摩区No.41","","散布地","川崎市多摩区西生田2-12ほか","奈良　平安","西生田-2",68,139.5323,35.61537,1
14135004200,14135,"多摩区No.42","","散布地","川崎市多摩区西生田1-7","縄文　奈良　平安","西生田-5",68,139.529,35.61682,1
14135004500,14135,"多摩No.45","寺尾台廃寺跡","社寺跡","川崎市多摩区寺尾台2-8","奈良　平安","西生田-7",67,139.538,35.62218,1
14135004600,14135,"多摩No.46","","散布地","川崎市多摩区菅北浦5-3","縄文　奈良　平安","菅-1",67,139.535,35.62691,1
14135005300,14135,"多摩区No.53","","散布地","川崎市多摩区菅仙谷1-4ほか","縄文　奈良　平安","菅-2",73,139.5215,35.6315,1
14135005400,14135,"多摩区No.54","亀の子山遺跡","集落跡","川崎市多摩区枡形5-6ほか","縄文　奈良　平安","登戸-5",62,139.5539,35.61251,1
14135005500,14135,"多摩区No.55","","散布地","川崎市多摩区長沢4-13ほか","縄文　奈良　平安","長沢-16",69,139.5366,35.59801,1
14135006200,14135,"多摩区No.62","","散布地","川崎市多摩区南生田2-29","縄文　奈良　平安","長沢-20",69,139.528,35.6035,1
14135006600,14135,"多摩区No.66","東高根遺跡","散布地","川崎市宮前区神木本町2丁目","縄文　奈良　平安","五所塚-4",57,139.5844,35.60502,1
14137000100,14137,"麻生区No.1","","散布地","川崎市麻生区細山7-11","奈良　平安","稲城-1",73,139.5137,35.62453,1
14137000300,14137,"麻生区No.3","細山代官山遺跡","散布地 その他の墓","川崎市麻生区細山8-16ほか","弥生　古墳　奈良　平安","細山-7",73,139.5111,35.62194,1
14137000400,14137,"麻生区No.4","","散布地","川崎市麻生区細山8-7ほか","縄文　奈良　平安","細山-8",74,139.5113,35.62068,1
14137000500,14137,"麻生区No.5","細山遺跡","散布地","川崎市麻生区千代ヶ丘9-11ほか","弥生　奈良　平安","細山-13",74,139.5088,35.61886,1
14137000600,14137,"麻生区No.6","","散布地","川崎市麻生区細山4-22ほか","縄文　奈良　平安","細山-9",74,139.5117,35.61886,1
14137000900,14137,"麻生区No.9","","散布地","川崎市麻生区細山1-10ほか","縄文　奈良　平安","細山-4",74,139.5182,35.61974,1
14137001000,14137,"麻生区No.10","","散布地","川崎市麻生区多摩美2-12ほか","縄文　奈良　平安","細山-2",74,139.5209,35.61988,1
14137001200,14137,"麻生区No.12","香林寺北遺跡","散布地","川崎市麻生区細山3-8ほか","縄文　奈良　平安","細山-10",74,139.5123,35.6161,1
14137001300,14137,"麻生区No.13","","その他の墓","川崎市麻生区千代ヶ丘6-8-3","平安","細山-20",74,139.5108,35.6161,1
14137001500,14137,"麻生区No.15","坂東谷遺跡","その他の墓 集落跡","川崎市麻生区千代ヶ丘6-3-22","平安","細山-21",74,139.5102,35.6153,1
14137001600,14137,"麻生区No.16","弦巻遺跡・稲荷森遺跡","散布地","川崎市麻生区高石3-25ほか","縄文　弥生　古墳　奈良　平安","細山-5",74,139.5191,35.6147,1
14137001900,14137,"麻生区No.19","","集落跡","川崎市麻生区高石2-2ほか","縄文　奈良　平安","細山-12",74,139.5114,35.61059,1
14137002000,14137,"麻生区No.20","","散布地","川崎市麻生区高石5-15ほか","縄文　奈良　平安","長沢-7",75,139.5217,35.60452,1
14137002200,14137,"麻生区No.22","生田ナベコロガシ遺跡","その他の墓","川崎市麻生区東百合丘2-5","平安","長沢-19",69,139.5272,35.60017,1
14137002400,14137,"麻生区No.24","日吉谷遺跡","散布地","川崎市麻生区王禅寺東2-42","縄文　奈良　平安","王禅寺-6",76,139.5194,35.5905,1
14137002600,14137,"麻生区No.26","","その他の墓","川崎市麻生区千代ヶ丘5-8-2","平安","細山-19",74,139.5081,35.61428,1
14137002700,14137,"麻生区No.27","","散布地","川崎市麻生区千代ヶ丘3-17ほか","奈良　平安","細山-15",74,139.5079,35.61321,1
14137003200,14137,"麻生区No.32","","散布地","川崎市麻生区万福寺215ほか","奈良　平安","百合丘-4",75,139.5036,35.60677,1
14137003500,14137,"麻生区No.35","","散布地","川崎市麻生区万福寺550ほか","縄文　弥生　古墳　奈良　平安","百合丘-1",74,139.5109,35.60824,1
14137003600,14137,"麻生区No.36","","散布地","川崎市麻生区古沢246ほか","縄文　奈良　平安","百合丘-5",80,139.4992,35.60434,1
14137003800,14137,"麻生区No.38","","散布地","川崎市麻生区五力田249ほか","縄文　弥生　古墳　奈良　平安","五力田-7",80,139.491,35.60442,1
14137004000,14137,"麻生区No.40","","散布地","川崎市麻生区古沢564ほか","縄文　奈良　平安","五力田-2",80,139.496,35.6047,1
14137004200,14137,"麻生区No.42","古沢都古遺跡","散布地","川崎市麻生区古沢287ほか","奈良　平安","百合丘-6",80,139.4993,35.60299,1
14137004500,14137,"麻生区No.45","","散布地","川崎市麻生区五力田3-16ほか","縄文　弥生　古墳　奈良　平安","五力田-5",80,139.4958,35.6007,1
14137004600,14137,"麻生区No.46","","散布地","川崎市麻生区五力田3-4ほか","縄文　弥生　古墳　奈良　平安","五力田-4",80,139.4979,35.60021,1
14137004700,14137,"麻生区No.47","菓積台遺跡","集落跡","川崎市麻生区片平1-8ほか","縄文　奈良　平安","百合丘-8",80,139.4994,35.59961,1
14137004800,14137,"麻生区No.48","山口台遺跡群上台遺跡","集落跡","川崎市麻生区上麻生4-41","縄文　弥生　古墳　奈良　平安","王禅寺-3",75,139.5021,35.59659,1
14137005000,14137,"麻生区No.50","大ヶ谷戸遺跡","集落跡","川崎市麻生区上麻生5-21ほか","縄文　弥生　古墳　奈良　平安","王禅寺-5",81,139.5002,35.59132,1
14137005400,14137,"麻生区No.54","東柿生小学校北遺跡","散布地","川崎市麻生区王禅寺133ほか","縄文　弥生　古墳　奈良　平安","早野-10",76,139.5109,35.58037,1
14137005500,14137,"麻生区No.55","","散布地","川崎市麻生区王禅寺24-2","縄文　古墳　奈良　平安","早野-11",77,139.513,35.57968,1
14137005600,14137,"麻生区No.56","","散布地","川崎市麻生区王禅寺183ほか","縄文　弥生　古墳　奈良　平安","早野-12",77,139.5139,35.57956,1
14137005700,14137,"麻生区No.57","","散布地","川崎市麻生区王禅寺288","縄文　弥生　古墳　奈良　平安","早野-1",77,139.5176,35.57916,1
14137006000,14137,"麻生区No.60","","散布地","川崎市麻生区早野28","縄文　弥生　古墳　奈良　平安","早野-14",77,139.5141,35.57684,1
14137006100,14137,"麻生区No.61","東柿生小学校内遺跡","散布地","川崎市麻生区王禅寺94ほか","縄文　弥生　古墳　奈良　平安 中世","早野-13",77,139.5111,35.57849,1
14137006500,14137,"麻生区No.65","","散布地","川崎市麻生区早野950ほか","縄文　弥生　古墳　奈良　平安","早野-5",77,139.5153,35.57314,1
14137006600,14137,"麻生区No.66","","散布地","川崎市麻生区早野932ほか","縄文　古墳　奈良　平安","早野-6",77,139.5164,35.57213,1
14137006800,14137,"麻生区No.68","早野上ノ原遺跡","散布地","川崎市麻生区早野798ほか","旧石器　縄文　弥生　古墳 奈良　平安　中世　近世","早野-7",77,139.5191,35.57053,1
14137006900,14137,"麻生区No.69","","散布地","川崎市麻生区早野718ほか","奈良　平安","早野-8",77,139.5165,35.57066,1
14137007000,14137,"麻生区No.70","","散布地","川崎市麻生区早野634ほか","縄文　弥生　古墳　奈良　平安","鴨志田-1",77,139.5153,35.56853,1
14137007200,14137,"麻生区No.72","","散布地","川崎市麻生区上麻生7-41","縄文　弥生　古墳　奈良　平安 中世","早野-18",77,139.5057,35.57897,1
14137007300,14137,"麻生区No.73","","散布地","川崎市麻生区上麻生7-27","縄文　弥生　古墳　奈良　平安","早野-20",77,139.5028,35.5801,1
14137007500,14137,"麻生区No.75","","散布地","川崎市麻生区片平3-10ほか","縄文　弥生　古墳　奈良　平安","片平-1",81,139.4929,35.58984,1
14137007600,14137,"麻生区No.76","","散布地","川崎市麻生区片平4-8ほか","奈良　平安","片平-2",81,139.4903,35.59211,1
14137007800,14137,"麻生区No.78","","散布地","川崎市麻生区片平4-14ほか","縄文　奈良　平安","片平-6",80,139.4874,35.59375,1
14137007900,14137,"麻生区No.79","","散布地","川崎市麻生区片平2014ほか","縄文　奈良　平安","片平-5",80,139.486,35.59523,1
14137008000,14137,"麻生区No.80","","散布地","川崎市麻生区片平1785ほか","縄文　奈良　平安","片平-7",80,139.4831,35.59626,1
14137008100,14137,"麻生区No.81","桐光学園第ニグラウンド建設予定地内遺跡","散布地","川崎市麻生区片平1642ほか","縄文　奈良　平安","五力田-12",80,139.4828,35.59827,1
14137008200,14137,"麻生区No.82","","集落跡","川崎市麻生区片平1610ほか","縄文　奈良　平安","片平-8",85,139.4799,35.5969,1
14137008400,14137,"麻生区No.84","","散布地","川崎市麻生区片平1556ほか","縄文　弥生　古墳　奈良　平安","五力田-10",80,139.4813,35.60019,1
14137008500,14137,"麻生区No.85","","散布地","川崎市麻生区栗木249ほか","縄文　平安","五力田-11",85,139.4772,35.60273,1
14137008600,14137,"麻生区No.86","栗木南IV遺跡","散布地","川崎市麻生区栗木227ほか","縄文　奈良　平安","五力田-9",85,139.4773,35.6003,1
14137009300,14137,"麻生区No.93","栗木IV遺跡","散布地","川崎市麻生区黒川404ほか","縄文　弥生　古墳　奈良　平安","黒川-3",84,139.4733,35.61377,1
14137010300,14137,"麻生区No.103","","散布地","川崎市麻生区黒川1649ほか","縄文　弥生　古墳　奈良　平安","多摩-1",88,139.453,35.61764,1
14137010500,14137,"麻生区No.105","","散布地 横穴墓","川崎市麻生区岡上526ほか","縄文　弥生　古墳　奈良　平安","栗ヶ谷戸-1",87,139.4766,35.57985,1
14137010600,14137,"麻生区No.106","","散布地","川崎市麻生区岡上593ほか","奈良　平安","岡上-8",87,139.4785,35.5789,1
14137010700,14137,"麻生区No.107","","散布地","川崎市麻生区岡上585ほか","奈良　平安","岡上-9",87,139.4788,35.57818,1
14137010800,14137,"麻生区No.108","","散布地","川崎市麻生区岡上540","縄文　弥生　古墳　奈良　平安","栗ヶ谷戸-2",87,139.4767,35.57785,1
14137010900,14137,"麻生区No.109","","散布地","川崎市麻生区岡上621ほか","弥生　古墳　奈良　平安","岡上-7",87,139.4799,35.57888,1
14137011000,14137,"麻生区No.110","岡上丸山遺跡","散布地","川崎市麻生区岡上675-1ほか","縄文　弥生　古墳　奈良　平安","岡上-6",82,139.4829,35.57904,1
14137011100,14137,"麻生区No.111","","散布地","川崎市麻生区岡上184ほか","縄文　弥生　古墳　奈良　平安","岡上-3",81,139.4871,35.58173,1
14137011200,14137,"麻生区No.112","","散布地","川崎市麻生区岡上137ほか","縄文　弥生　古墳　奈良　平安","岡上-1・2",81,139.4882,35.58145,1
14137011300,14137,"麻生区No.113","","散布地","川崎市麻生区岡上219ほか","縄文　弥生　古墳　奈良　平安","岡上-10",81,139.4859,35.58105,1
14137011400,14137,"麻生区No.114","岡上廃寺推定地、岡上栗畑遺跡","社寺跡 集落跡","川崎市麻生区岡上794","縄文　弥生　古墳　奈良　平安","岡上-4",82,139.4864,35.57898,1
14137011500,14137,"麻生区No.115","","散布地","川崎市麻生区岡上815","縄文　弥生　古墳　奈良　平安","岡上-5",82,139.4846,35.57673,1
14137011700,14137,"麻生区No.117","","散布地","川崎市麻生区岡上972ほか","縄文　弥生　奈良　平安","岡上-12",82,139.4812,35.575,1
14137011900,14137,"麻生区No.119","","散布地","川崎市麻生区岡上1331ほか","弥生　奈良　平安","栗ヶ谷戸-3",87,139.4761,35.5718,1
14137012100,14137,"麻生区No.121","金程向原遺跡第１地点","集落跡 板碑","川崎市麻生区向原1-3ほか","縄文　奈良　平安","細山-23",79,139.5001,35.61564,1
14137012200,14137,"麻生区No.122","金程向原遺跡第２地点","集落跡","川崎市麻生区金程3-16ほか","縄文　奈良　平安","細山-24",79,139.4995,35.61377,1
14137012300,14137,"麻生区No.123","潮見台遺跡Ｆ・Ｇ地点","散布地","川崎市麻生区百合丘3-21ほか","縄文　奈良　平安","稗原-11",69,139.5186,35.60141,1
14137012400,14137,"麻生区No.124","五力田遺跡","集落跡","川崎市麻生区五カ田278ほか","奈良　平安","五力田-14",79,139.4867,35.60724,1
14137012500,14137,"麻生区No.125","五力田遺跡","集落跡","川崎市麻生区五カ田300ほか","奈良　平安","五力田-15",79,139.4847,35.60791,1
14137012800,14137,"麻生区No.128","王禅寺入口遺跡","散布地","川崎市麻生区王禅寺153ほか","奈良　平安","早野-26",77,139.512,35.57983,1
