"JASID","自治体コード","遺跡番号","名称・備考","種類","所在地（代表地番）","時代","旧市番号","地図","経度","緯度"
14131000100,14131,"川崎区No.1","商工会議所","散布地","川崎区駅前本町11-2","古墳　近世","六郷橋?1",31,139.6993456,35.53167462
14131000200,14131,"川崎区No.2","板碑","その他の墓","川崎区中島2-3","中世","川崎-1",24,139.7155829,35.52931368
14131000300,14131,"川崎区No.3","小土呂橋","その他の遺跡","川崎区砂子2丁目（新川通）","近世",",31,139.7002,35.52808
14131000400,14131,"川崎区No.4","小田貝塚","貝塚","川崎区小田1丁目","古墳　近世",",32,139.7004,35.5147
14131000500,14131,"川崎区No.5","渡田貝塚","貝塚","川崎区渡田2-14-8ほか","奈良　平安",",25,139.7066,35.52068
14131000600,14131,"川崎区No.6","大島貝塚","貝塚","川崎区大島2-10-6ほか","奈良　平安",",25,139.7148,35.52154
14131000700,14131,"川崎区No.7","了延庵内","その他の墓","川崎区大島4-23","近世",",25,139.7159,35.52283
14131000800,14131,"川崎区No.8","旧東海道川崎宿跡","都市遺跡","川崎区本町1-8-4ほか","近世",",24,139.703,35.53243
14132000100,14132,"幸区No.1","塚越古墳・板碑","古墳 その他の墓","幸区塚越2-180","古墳　中世","小向-1",30,139.68,35.54699
14132000200,14132,"幸区No.2","南加瀬横穴墓群","横穴墓","幸区南加瀬1-7-17付近","古墳","夢見ヶ崎-3",37,139.6682,35.54637
14132000300,14132,"幸区No.3","加瀬台遺跡","集落跡","幸区南加瀬1-2ほか","縄文　弥生","夢見ヶ崎-2",37,139.665,35.55024
14132000400,14132,"幸区No.4","加瀬台古墳群","古墳","幸区北加瀬1-30ほか","縄文　弥生　古墳　中世","夢見ヶ崎-1・6",37,139.6659,35.54915
14132000500,14132,"幸区No.5","白山古墳","古墳","幸区南加瀬2-1","古墳　中世","夢見ヶ崎-5",37,139.6611,35.55021
14132000600,14132,"幸区No.6","第六天古墳","古墳","幸区南加瀬2-4","古墳","夢見ヶ崎-4",37,139.6602,35.55028
14132000700,14132,"幸区No.7","越路遺跡","その他の墓","幸区南加瀬2-11ほ","中世","夢見ヶ崎-7",37,139.6613,35.5498
14132000800,14132,"幸区No.8","","散布地","幸区南加瀬2-2","弥生　奈良　平安","夢見ヶ崎-8",37,139.665,35.54897
14132000900,14132,"幸区No.9","","散布地","幸区矢上地","旧石器","夢見ヶ崎-9",37,139.6574,35.55181
14132001000,14132,"幸区No.10","夢見ヶ崎横穴墓","横穴墓","幸区南加瀬1-2ほか","古墳","夢見ヶ崎-6",37,139.6657,35.54985
14132001100,14132,"幸区No.11","御嶽神社古墳","古墳","幸区塚越1-64（御嶽神社）","古墳",",30,139.6788,35.54657
14133000100,14133,"中原区No.1","上丸子古墳","古墳","中原区丸子通1-408","古墳","丸子橋-1",34,139.6654,35.58416
14133000200,14133,"中原区No.2","","散布地","中原区宮内3-8","弥生","宮内-2",40,139.6436,35.59044
14133000300,14133,"中原区No.3","銚子塚古墳","古墳","中原区田尻町2067","古墳","市ノ坪-1",36,139.6707,35.56106
14133000400,14133,"中原区No.4","","散布地","中原区井田2-4ほか","縄文　弥生　古墳","井田-1",42,139.6464,35.55957
14133000500,14133,"中原区No.5","","散布地","中原区井田2-27ほか","縄文　弥生","井田-3",42,139.6399,35.56159
14133000600,14133,"中原区No.6","井田横穴墓群","横穴墓","中原区井田2-33付近","古墳","井田-2",42,139.6404,35.56202
14133000700,14133,"中原区No.7","井田古墳","古墳","中原区井田3-3","古墳","井田-11",42,139.6381,35.56063
14133000800,14133,"中原区No.8","井田西遺跡、井田中原遺跡","集落跡","中原区井田3-34ほか","縄文　弥生　古墳　奈良　平安　中世","井田-4",42,139.6379,35.5606
14133000900,14133,"中原区No.9","黄金塚古墳","古墳","中原区宮内1-7","古墳","宮内-3",40,139.6421,35.59354
14133001000,14133,"中原区No.10","井田いりの上遺跡（神庭遺跡・東神庭遺跡）・井田伊勢台遺跡","集落跡","中原区井田3-13ほか","縄文　弥生　古墳","井田-8",42,139.6361,35.56432
14133001100,14133,"中原区No.11","井田中原遺跡","集落跡","中原区井田3-1485ほか　高津区蟹ヶ谷字池ノ里","縄文　弥生　古墳","井田-13",42,139.6345,35.56205
14133001200,14133,"中原区No.12","","横穴墓","中原区井田3-9付近","古墳","井田-9",42,139.6373,35.56451
14133001300,14133,"中原区No.13","井田伊勢宮前横穴墓群・井田金堀横穴墓群","横穴墓","中原区井田3-4ほか","古墳","井田-10",42,139.6403,35.563
14133001400,14133,"中原区No.14","","散布地","中原区宮内4-9ほか","奈良　近世","宮内-1",40,139.6449,35.58646
14133001500,14133,"中原区No.15","五領式壺出土","散布地","中原区宮内1-7","古墳","宮内-4",40,139.6425,35.59389
14133001600,14133,"中原区No.16","井田平台経塚","その他の墓","中原区井田2-35ほか","中世","井田-16",42,139.6399,35.56066
14133001700,14133,"中原区No.17","","横穴墓","中原区井田2-2","古墳","井田-17",42,139.6472,35.55978
14133001800,14133,"中原区No.18","小杉御殿町遺跡・小杉陣屋町遺跡","城館跡","中原区小杉御殿町1丁目ほか","中世　近世",",34,139.6546,35.58295
14133001900,14133,"中原区No.19","宮内上河原耕地遺跡","散布地","中原区宮内1-7付近","古墳",",40,139.6426,35.59375
14133002000,14133,"中原区No.20","小杉町遺跡","散布地","中原区小杉町2丁目付近","中世　近世",",40,139.6568,35.58065
14134000100,14134,"高津区No.1","諏訪天神塚古墳","古墳","高津区諏訪3-1","古墳","高津-2",46,139.6262,35.6024
14134000200,14134,"高津区No.2","諏訪浅間塚古墳","古墳","高津区諏訪3-19","古墳","高津-1",46,139.6271,35.60179
14134000300,14134,"高津区No.3","二子塚古墳","古墳","高津区二子6-5","古墳","高津-3",46,139.6214,35.60044
14134000400,14134,"高津区No.4","七面山北横穴墓・溝口西耕地横穴墓群","横穴墓","高津区溝口2-31","古墳","津田山-7",51,139.6086,35.60347
14134000500,14134,"高津区No.5","宗隆寺古墳群","古墳","高津区溝口2-28","古墳","津田山-8",51,139.6088,35.60237
14134000600,14134,"高津区No.6","七面山南横穴墓群","横穴墓","高津区下作延1-10","古墳","津田山-30",51,139.6085,35.60203
14134000700,14134,"高津区No.7","","横穴墓","高津区下作延1-13","古墳","津田山-29",51,139.6074,35.60266
14134000800,14134,"高津区No.8","法泉坊横穴","横穴墓","高津区久地1-1","古墳","津田山-27",51,139.6075,35.60454
14134000900,14134,"高津区No.9","久地西前田横穴墓群","横穴墓 集落跡","高津区久地1-1","弥生　古墳","津田山-41",51,139.6066,35.60471
14134001000,14134,"高津区No.10","西前田横穴墓群（久地浄元寺裏横穴墓群）","横穴墓","高津区久地1-31","古墳","津田山-2",51,139.6056,35.60626
14134001100,14134,"高津区No.11","浄元寺裏横穴墓","横穴墓","高津区久地1-28","古墳","津田山-25",51,139.605,35.60674
14134001200,14134,"高津区No.12","久地神社裏横穴墓群","横穴墓","高津区久地1-39","古墳","津田山-l",50,139.6045,35.60763
14134001300,14134,"高津区No.13","久地不動台遺跡","集落跡","高津区久地1-27","古墳","津田山-26",51,139.6042,35.60586
14134001400,14134,"高津区No.14","津田山坂下横穴墓群","横穴墓","高津区下作延7-29","古墳","津田山-41",51,139.6064,35.60402
14134001500,14134,"高津区No.15","","横穴墓","高津区下作延7-27","古墳","津田山-28",51,139.6056,35.60394
14134001600,14134,"高津区No.16","","横穴墓","高津区下作延7-8","古墳","津田山-6",51,139.6055,35.60289
14134001700,14134,"高津区No.17","日向古墳","古墳","高津区下作延7-12","古墳","津田山-5",51,139.6039,35.60363
14134001800,14134,"高津区No.18","平瀬川隧道際横穴墓・平瀬川隧道際西横穴墓","横穴墓","高津区下作延7-12","古墳","津田山-32",51,139.6035,35.60412
14134001900,14134,"高津区No.19","日向横穴墓群","横穴墓","高津区下作延7-12","古墳","津田山-10",51,139.6033,35.6046
14134002000,14134,"高津区No.20","中之橋横穴墓群","横穴墓","高津区下作延6-7","古墳","津田山-33",51,139.6025,35.60382
14134002100,14134,"高津区No.21","久地西前田耕地西遺跡","集落跡","高津区久地1-47","縄文　弥生","津田山-9",50,139.602,35.60748
14134002200,14134,"高津区No.22","","散布地","高津区下作延6-32","古墳","津田山-31",50,139.5987,35.60818
14134002300,14134,"高津区No.23","北の谷遺跡","集落跡","高津区下作延6-30","縄文　弥生","津田山-l4",50,139.5973,35.60953
14134002400,14134,"高津区No.24","久地伊屋之免遺跡・久地伊屋之免古墳","集落跡 古墳","高津区久地4-18","縄文　弥生　古墳","津田山-15",50,139.592,35.60822
14134002500,14134,"高津区No.25","緑ヶ丘霊園内遺跡・ビシャモン塚","集落跡 古墳","高津区上作延5-7","縄文　弥生　古墳　平安","津田山-16",56,139.5888,35.60729
14134002600,14134,"高津区No.26","稲荷塚古墳","古墳","高津区下作延1605","古墳","津田山-17",51,139.5926,35.60665
14134002700,14134,"高津区No.27","","散布地","高津区下作延5-35","縄文","津田山-34",51,139.5944,35.60728
14134002800,14134,"高津区No.28","伊屋之免出土板碑","その他の墓","高津区下作延6-21","古墳","津田山-35",51,139.5975,35.60619
14134002900,14134,"高津区No.29","津田山古墳","古墳","高津区下作延1514ほか","中世","津田山-36",51,139.5951,35.60513
14134003000,14134,"高津区No.30","","横穴墓","高津区下作延1329ほか","古墳","津田山-37",51,139.5958,35.602
14134003100,14134,"高津区No.31","緑ヶ丘霊園内遺跡","集落跡","高津区上作延26-1","縄文　弥生　古墳","津田山-18",51,139.5915,35.60416
14134003200,14134,"高津区No.32","","横穴墓","高津区上作延60","古墳","津田山-20",57,139.5889,35.6021
14134003300,14134,"高津区No.33","","散布地","高津区下作延23付近","奈良　平安","津田山-38",51,139.5993,35.6016
14134003400,14134,"高津区No.34","","散布地","高津区上作延139","奈良　平安","津田山-39",51,139.5945,35.60133
14134003500,14134,"高津区No.35","","横穴墓","高津区下作延5-10","古墳","津田山-11",51,139.5992,35.60027
14134003600,14134,"高津区No.36","上作延横穴墓群","横穴墓","高津区下作延5-10","古墳","津田山-12",51,139.5993,35.59972
14134003700,14134,"高津区No.37","下作延巳ノ谷遺跡・下作延神明神社東南遺跡","集落跡","高津区下作延4-17","縄文　弥生　古墳　奈良　平安 中世","津田山-13",51,139.6035,35.59948
14134003800,14134,"高津区No.38","下作延遺跡","集落跡","高津区下作延2-31","弥生　古墳　奈良　平安","津田山-42",51,139.605,35.59869
14134003900,14134,"高津区No.39","","散布地","高津区上作延722ほか","縄文　古墳　奈良　平安　中世","津田山-23",57,139.5875,35.59824
14134004000,14134,"高津区No.40","板碑","その他の墓","高津区上作延755","中世","津田山-40",57,139.5893,35.59819
14134004100,14134,"高津区No.41","上作延南原遺跡","集落跡","高津区上作延796ほか","縄文　弥生　古墳　奈良　平安","宮崎-19",57,139.5895,35.59683
14134004200,14134,"高津区No.42","上作延南原古墳","古墳","高津区上作延814ほか","古墳","津田山-24",51,139.5914,35.59847
14134004300,14134,"高津区No.43","上作延南原遺跡","散布地","高津区上作延824ほか","縄文　弥生　古墳　奈良　平安","宮崎-18",57,139.5913,35.59736
14134004400,14134,"高津区No.44","向ヶ丘南原遺跡","散布地","高津区上作延904ほか","縄文","宮崎-12",51,139.5932,35.59593
14134004500,14134,"高津区No.45","","散布地","高津区向ヶ丘129ほか","縄文","宮崎-25",52,139.5939,35.59319
14134004600,14134,"高津区No.46","","散布地","高津区下作延3-27","縄文","宮崎-16",52,139.5952,35.59144
14134004700,14134,"高津区No.47","上作延神明社脇遺跡","散布地","高津区向ヶ丘28ほか","縄文　弥生","宮崎-14",52,139.596,35.59359
14134004800,14134,"高津区No.48","上作延南原東遺跡","集落跡","高津区上作延1066ほか","縄文　奈良　平安","宮崎-13",51,139.5967,35.59573
14134004900,14134,"高津区No.49","上作延神明社脇遺跡","散布地","高津区下作延1118ほか","縄文　奈良　平安","宮崎-8",51,139.599,35.5956
14134005000,14134,"高津区No.50","","散布地","高津区下作延3-5","奈良　平安","宮崎-9",51,139.6013,35.59566
14134005100,14134,"高津区No.51","下作延巳ノ谷遺跡・上作延南谷一遺跡","集落跡","高津区下作延4-51","縄文　弥生　古墳　奈良　平安","宮崎-7",51,139.6029,35.59716
14134005200,14134,"高津区No.52","久保台遺跡","集落跡","高津区末長1-6","縄文　弥生　古墳　奈良　平安","宮崎-1",51,139.6061,35.59564
14134005300,14134,"高津区No.53","","散布地","高津区末長1-49","縄文　弥生","宮崎-2",52,139.6044,35.59381
14134005400,14134,"高津区No.54","久本桃之園遺跡・久本梅之園遺跡","集落跡","高津区久本1-12","縄文　弥生　奈良　平安","末長-2",51,139.6098,35.59647
14134005500,14134,"高津区No.55","久本桃之園横穴墓群","横穴墓","高津区久本1-13","古墳","末長-3",51,139.6107,35.5968
14134005600,14134,"高津区No.56","久本横穴墓群","横穴墓","高津区久本1-16","古墳","末長-4",51,139.6122,35.59651
14134005700,14134,"高津区No.57","末長久保台北遺跡","集落跡 貝塚","高津区末長1-1","縄文　弥生　古墳　奈良　平安","末長-5",51,139.6109,35.59495
14134005800,14134,"高津区No.58","末長久保台遺跡","集落跡","高津区末長2-1","縄文　弥生　平安","宮崎-6",52,139.611,35.59321
14134005900,14134,"高津区No.59","末長火葬墓","その他の墓","高津区久本2-11","平安","宮崎-15",52,139.6121,35.59349
14134006000,14134,"高津区No.60","末長富士見台遺跡","集落跡","高津区末長2-4","縄文　奈良　平安","末長-7",48,139.6127,35.5921
14134006100,14134,"高津区No.61","末長姿見台遺跡","集落跡","高津区末長1-40","弥生　古墳　奈良","宮崎-4",52,139.6063,35.59256
14134006200,14134,"高津区No.62","法界塚古墳","古墳","高津区梶ヶ谷2-1-6","古墳","宮崎-22",52,139.6035,35.59109
14134006300,14134,"高津区No.63","清水谷古墳（１号墳）","古墳","高津区梶ヶ谷2-1-9","古墳","宮崎-23",52,139.603,35.59043
14134006400,14134,"高津区No.64","","散布地","高津区梶ヶ谷2-10","古墳","宮崎-24",52,139.603,35.58885
14134006500,14134,"高津区No.65","梶ヶ谷神明社上遺跡","集落跡","高津区梶ヶ谷4-14","弥生　古墳　奈良","宮崎-10",52,139.6021,35.58607
14134006600,14134,"高津区No.66","末長向台遺跡","集落跡","高津区末長1-41","縄文　古墳　奈良　平安","宮崎-5",52,139.6068,35.59048
14134006700,14134,"高津区No.67","","散布地","高津区新作1-23","旧石器","宮崎-21",52,139.6083,35.58733
14134006800,14134,"高津区No.68","西福寺古墳","古墳","高津区梶ヶ谷3-17","古墳","宮崎-6",52,139.6075,35.58604
14134006900,14134,"高津区No.69","大原遺跡・新作小高台遺跡","集落跡","高津区新作1-9","縄文　古墳　奈良　平安","末長-9",52,139.6107,35.58747
14134007000,14134,"高津区No.70","末長遺跡","集落跡","高津区末長2-25","弥生　古墳","末長-8",48,139.6135,35.58958
14134007100,14134,"高津区No.71","薬師院裏遺跡","集落跡","高津区末長2-27","奈良　平安","末長-10",48,139.614,35.58755
14134007200,14134,"高津区No.72","新作小高台遺跡","集落跡","高津区新作1-11","縄文　弥生　奈良　平安","末長-11",52,139.6125,35.58648
14134007300,14134,"高津区No.73","新作池ノ谷遺跡","集落跡","高津区新作1-19","縄文　弥生　奈良　平安","末長-14",52,139.6104,35.58496
14134007400,14134,"高津区No.74","","散布地","高津区梶ヶ谷5-11","縄文　弥生　古墳　奈良　平安","馬絹-1",52,139.608,35.58331
14134007500,14134,"高津区No.75","","集落跡","高津区新作2-3ほか","縄文　弥生　古墳　奈良　平安","千年-13",48,139.6127,35.58323
14134007600,14134,"高津区No.76","井田中原追跡","集落跡 その他の墓","高津区蟹ヶ谷字池ノ里ほか","縄文　弥生　古墳","井田-13",49,139.6337,35.56293
14134007700,14134,"高津区No.77","新作二丁目遺跡","集落跡","高津区新作2-15ほか","縄文　弥生　古墳　奈良　平安","千年-14",48,139.6143,35.58289
14134007800,14134,"高津区No.78","新作古墳","古墳","高津区新作2-7","古墳","千年-20",48,139.6131,35.58283
14134007900,14134,"高津区No.79","新作貝塚・新作八幡台遺跡・（仏手塚）","集落跡  貝塚","高津区新作3-13ほか","縄文　弥生","末長-12",48,139.6167,35.58616
14134008000,14134,"高津区No.80","新作八幡神社裏古墳","古墳","高津区新作3-6","古墳","末長-13",48,139.618,35.58513
14134008100,14134,"高津区No.81","間際根横穴墓群","横穴墓","高津区新作3-14ほか","古墳","末長-1",48,139.6182,35.58607
14134008200,14134,"高津区No.82","","散布地","高津区千年1243ほか","弥生　古墳","末長-17",48,139.6173,35.58298
14134008300,14134,"高津区No.83","千年-８遺跡","集落跡","高津区千年1177ほ","縄文　弥生　古墳　奈良　平安","千年-8",48,139.6188,35.58168
14134008400,14134,"高津区No.84","","横穴墓","川崎市高津区東野川2-13","古墳","久末-10",49,139.6143,35.56968
14134008500,14134,"高津区No.85","野川南耕地遺跡","集落跡","川崎市高津区東野川2-15","縄文　弥生　古墳　奈良　平安","久末-8",49,139.6148,35.56916
14134008600,14134,"高津区No.86","","散布地","高津区久末465ほか","縄文　弥生","久末-7",49,139.6182,35.5612
14134008700,14134,"高津区No.87","","散布地","高津区久末504ほか","縄文","久末-6",49,139.6201,35.56259
14134008800,14134,"高津区No.88","","散布地","高津区久末1508ほか","縄文","久末-3",49,139.622,35.56291
14134008900,14134,"高津区No.89","","散布地","高津区久末1580ほか","縄文　弥生","久末-2",49,139.6253,35.56296
14134009000,14134,"高津区No.90","","散布地","高津区久末1671ほか","縄文　弥生","久末-1",49,139.625,35.56489
14134009100,14134,"高津区No.91","久末伊勢原遺跡","散布地","高津区久末671ほか","縄文　弥生","久末-5",49,139.6197,35.56747
14134009200,14134,"高津区No.92","久末谷遺跡","集落跡","高津区久末1229ほか","縄文　弥生","久末-4",49,139.6202,35.57018
14134009300,14134,"高津区No.93","","横穴墓","高津区千年390付近","古墳","千年-3",49,139.6232,35.57968
14134009400,14134,"高津区No.94","千年伊勢山台古墳","古墳","高津区千年449","古墳","千年-4",49,139.6237,35.5787
14134009500,14134,"高津区No.95","千年蟻山遺跡・伊勢山台北遺跡・千年伊勢山台遺跡・伊勢山台東遺跡・影向寺南遺跡","官衙跡 集落跡","高津区千年520ほか","縄文　弥生　古墳　奈良　平安 中世","千年-5",49,139.6224,35.57739
14134009600,14134,"高津区No.96","下原宿遺跡","散布地","高津区千年300","縄文　弥生　古墳　奈良　平安","千年-6",49,139.6243,35.57575
14134009700,14134,"高津区No.97","","その他の墓","高津区子母口54","中世","千年-19",49,139.6233,35.57507
14134009800,14134,"高津区No.98","子母口富士見台古墳","古墳","高津区子母口69","古墳","千年-7",49,139.6254,35.57437
14134009900,14134,"高津区No.99","子母口植之台遺跡","集落跡","高津区子母口113ほか","縄文　古墳　奈良　平安　中世","千年-23",49,139.6256,35.5739
14134010000,14134,"高津区No.100","子母口植之台遺跡・蓮乗院北遺跡","集落跡","高津区子母口135ほか","縄文　弥生　古墳　中世　近世","千年-1",49,139.6262,35.57233
14134010100,14134,"高津区No.101","子母口貝塚・子母口根方遺跡","集落跡","高津区子母口240ほか","縄文　弥生　古墳　奈良　平安","千年-2",49,139.6283,35.57222
14134010200,14134,"高津区No.102","明津古墳（水塚）","古墳","高津区明津183","古墳","井田-12",49,139.6341,35.56815
14134010300,14134,"高津区No.103","蟹ヶ谷横穴墓群","横穴墓","高津区蟹ヶ谷108ほか","古墳","井田-5・15",49,139.6347,35.56633
14134010400,14134,"高津区No.104","蟹ヶ谷古墳群","古墳","高津区蟹ヶ谷109","古墳","井田-6",42,139.6355,35.56596
14134010500,14134,"高津区No.105","","散布地","高津区蟹ヶ谷97","縄文　弥生","井田-7",42,139.6356,35.56562
14134010600,14134,"高津区No.106","末長久保台南遺跡","集落跡","高津区末長1-18","縄文　弥生　古墳　奈良　平安","宮崎-3",52,139.6089,35.59414
14134010700,14134,"高津区No.107","久末秋谷横穴墓","横穴墓","高津区久末676","古墳","久末-11",49,139.6186,35.56835
14134010800,14134,"高津区No.108","蟹ヶ谷横穴墓群 (３号穴）","横穴墓","高津区蟹ヶ谷111","古墳","井田-14",42,139.636,35.56616
14134010900,14134,"高津区No.109","鎗ヶ崎遺跡","集落跡","高津区梶ヶ谷2-14-1","古墳","宮崎-34",52,139.6017,35.58792
14134011000,14134,"高津区No.110","千年Ｂ地区横穴墓","横穴墓","高津区千年1117ほか","古墳","千年-25",49,139.6213,35.57984
14134011100,14134,"高津区No.111","","散布地","高津区久末308ほか","縄文","久末-12",49,139.613,35.56193
14134011200,14134,"高津区No.112","","横穴墓","高津区千年112","古墳","千年-9",48,139.6204,35.58087
14134011300,14134,"高津区No.113","久本桃之園古墳","古墳","高津区久本1-14","古墳","末長-16",51,139.6108,35.59638
14134011400,14134,"高津区No.114","末長久保台古墳群","古墳","高津区末長2-25","縄文　古墳","末長-17",52,139.6115,35.59315
14134011500,14134,"高津区No.115","子母口富士見台遺跡","集落跡","高津区子母口54-2","弥生","千年-27",49,139.6255,35.5746
14134011600,14134,"高津区No.116","久末表耕地遺跡","散布地","高津区久末2035ほか","中世　近世","久末-13",49,139.6234,35.56907
14134011700,14134,"高津区No.117","蟹ヶ谷西田原横穴墓群","横穴墓","高津区蟹ヶ谷209","古墳","久末-14",49,139.6305,35.56489
14134011800,14134,"高津区No.118","","横穴墓","高津区新作3-10-5ほか","古墳","千年-26",48,139.6142,35.58628
14134011900,14134,"高津区No.119","末長向台１号墳","古墳","高津区末長1-41","古墳","宮崎-39",52,139.6054,35.59109
14134012000,14134,"高津区No.120","板碑","その他の墓","高津区北見方2-1","中世","高津-4",46,139.6309,35.59984
14134012100,14134,"高津区No.121","久本山古墳","古墳","高津区久本1-16","古墳","末長-19",51,139.6118,35.59631
14134012200,14134,"高津区No.122","末長久保台古墳群","古墳","高津区久本2-12","古墳","末長-20",52,139.6122,35.59306
14134012300,14134,"高津区No.123","新作キシ遺跡","その他の墓","高津区新作2-11","中世　近世","末長-18",48,139.6163,35.58372
14134012400,14134,"高津区No.124","","散布地","高津区千年1123","縄文　古墳　奈良　平安","末長-21",48,139.6212,35.58065
14134012500,14134,"高津区No.125","","古墳","高津区梶ヶ谷5-10","縄文　古墳　奈良　平安","千年-31",52,139.6066,35.58425
14134012600,14134,"高津区No.126","岩川不動尊跡出土板碑","その他の墓","高津区千年463付近","中世","千年-32",49,139.6236,35.57855
14134012700,14134,"高津区No.127","","散布地","高津区久末1694ほか","古墳","久末-15",49,139.6232,35.5664
14134012800,14134,"高津区No.128","津田山久地横穴墓","横穴墓","高津区久地1-28","古墳","津田山-43",51,139.605,35.60579
14134012900,14134,"高津区No.129","津田山横穴墓群","横穴墓","高津区下作延7-12","古墳","津田山-44",51,139.6033,35.6042
14134013000,14134,"高津区No.130","緑ヶ丘霊園内遺跡","集落跡","高津区下作延2118","古墳","津田山-45",51,139.5916,35.60631
14134013100,14134,"高津区No.131","清水谷古墳(２号墳）","古墳","高津区梶ヶ谷2-1","古墳","宮崎-35",52,139.6039,35.5908
14134013200,14134,"高津区No.132","","散布地","高津区新作1-22","奈良　平安","宮崎-36",52,139.608,35.5881
14134013300,14134,"高津区No.133","","散布地","高津区梶ヶ谷6-3","奈良　平安","宮崎-37",52,139.6086,35.58445
14134013400,14134,"高津区No.134","","狩場","高津区久末496ほか","縄文","久末-16",49,139.618,35.56418
14134013500,14134,"高津区No.135","蟹ヶ谷四方之嶺横穴墓","横穴墓","高津区蟹ヶ谷277-1","古墳","久末-17",49,139.6315,35.56598
14134013600,14134,"高津区No.136","末長向台２号墳","古墳","高津区末長1-37","古墳","宮崎-38",52,139.6077,35.58932
14134013700,14134,"高津区No.137","末長向台３号墳","古墳","高津区末長1-43","古墳","宮崎-39",52,139.6063,35.59086
14134013800,14134,"高津区No.138","","散布地","高津区北野川6ほか","古墳　奈良　平安","千年-30",49,139.6216,35.57889
14134013900,14134,"高津区No.139","久地西前田耕地横穴墓群","横穴墓","高津区久地1-1","古墳","津田山-3",51,139.607,35.60492
14134014000,14134,"高津区No.140","緑ヶ丘霊園内南横穴古墳","横穴墓","高津区上作延76-1","古墳","津田山-21",57,139.59,35.60161
14134014100,14134,"高津区No.141","","横穴墓","高津区上作延88","古墳","津田山-22",51,139.5909,35.60145
14134014200,14134,"高津区No.142","","散布地","高津区宮崎6-3","縄文","宮崎-40",52,139.5922,35.59341
14134014300,14134,"高津区No.143","末長向台４号墳","古墳","高津区末長1-38","古墳",",52,139.6079,35.59055
14134014400,14134,"高津区No.144","末長向台５号墳","古墳","高津区末長1-38","古墳",",52,139.6071,35.59067
14134014500,14134,"高津区No.145","","古墳","高津区北見方2-6","古墳",",46,139.6293,35.60137
14134014600,14134,"高津区No.146","末長向台６号墳","古墳","高津区末長1-41","古墳",",52,139.6062,35.5912
14134014700,14134,"高津区No.147","影向寺台西遺跡・三荷座前遺跡","集落跡","宮前区野川本町1-38","縄文　弥生　奈良　平安　中世","千年-10",48,139.6069,35.57806
14134014800,14134,"高津区No.148","影向寺遺跡・影向寺裏貝塚・影向寺台遺跡・影向寺北遺跡","社寺跡 集落跡 貝塚","宮前区野川本町3-4","縄文　弥生　古墳　奈良　平安 中世","千年-11",49,139.6183,35.57945
14134014900,14134,"高津区No.149","","散布地","高津区向ヶ丘167ほか","縄文　弥生","宮崎-20",57,139.5896,35.59553
14134015000,14134,"高津区No.150","","散布地","宮前区宮崎3-3-22ほか","縄文　古墳　奈良　平安","宮崎-15",52,139.5935,35.59211
14134015100,14134,"高津区No.151","蟹ヶ谷四方之嶺遺跡","狩場 集落跡","高津区蟹ヶ谷字四方之嶺220付近","縄文　弥生　古墳",",49,139.6312,35.56644
14136000100,14136,"宮前区No.1","野川２号墳","古墳","川崎市宮前区野川本町1-28","古墳","千年-21",48,139.6139,35.58141
14136000200,14136,"宮前区No.2","野川北耕地遺跡","集落跡","川崎市宮前区野川本町1-29","縄文　弥生　古墳　奈良　平安","千年-15",48,139.6146,35.58021
14136000300,14136,"宮前区No.3","野川古墳(1号墳）","古墳","川崎市宮前区野川本町1-30","古墳","千年-17",48,139.6146,35.57933
14136000400,14136,"宮前区No.4","影向寺台西遺跡・三荷座前遺跡","集落跡","川崎市宮前区野川本町1-38","縄文　弥生　奈良　平安　中世","千年-10",48,139.6166,35.57913
14136000500,14136,"宮前区No.5","影向寺遺跡・影向寺裏貝塚・影向寺台遺跡・影向寺北遺跡","社寺跡 集落跡 貝塚","川崎市宮前区野川本町3-4","縄文　弥生　古墳　奈良　平安　中世","千年-11",49,139.6188,35.5786
14136000600,14136,"宮前区No.6","野川神明社境内遺跡","集落跡","川崎市宮前区野川本町3-10","縄文　弥生　古墳　奈良　平安","千年-12",48,139.6185,35.57596
14136000700,14136,"宮前区No.7","野川東耕地遺跡","集落跡","川崎市宮前区野川野川本町2-20","縄文　弥生　古墳　奈良　平安","千年-18",53,139.6151,35.57469
14136000800,14136,"宮前区No.8","北根古墳","古墳","川崎市宮前区野川本町2-6","古墳","千年-22",48,139.613,35.57638
14136000900,14136,"宮前区No.9","十三菩提遺跡","集落跡 その他の墓","川崎市宮前区野川2345ほか","縄文　弥生　古墳","久末-9",53,139.61,35.56916
14136001000,14136,"宮前区No.10","十三菩提西遺跡","集落跡","川崎市宮前区野川2290ほか","縄文　弥生　古墳　奈良　平安","野川-1",54,139.6073,35.56762
14136001100,14136,"宮前区No.11","","散布地","川崎市宮前区西野川3-13","縄文　弥生　古墳　奈良　平安","野川-2",53,139.6058,35.5693
14136001200,14136,"宮前区No.12","","散布地","川崎市宮前区西野川3-12","縄文　弥生　古墳　奈良　平安","野川-3",53,139.6028,35.569
14136001300,14136,"宮前区No.13","","その他の墓","川崎市宮前区野川2624","平安","野川-7",53,139.6041,35.56803
14136001400,14136,"宮前区No.14","","その他の墓","川崎市宮前区野川2618","平安","野川-8",53,139.6032,35.56788
14136001500,14136,"宮前区No.15","","散布地","川崎市宮前区野川2660ほか","奈良　平安","野川-4",54,139.6014,35.56668
14136001600,14136,"宮前区No.16","有馬古墳","古墳","川崎市宮前区東有馬5-15ほか","古墳","野川-5",54,139.5947,35.56689
14136001700,14136,"宮前区No.17","東有馬遺跡","散布地","川崎市宮前区東有馬5-14ほか","縄文　奈良　平安","野川-6",53,139.5933,35.56791
14136001800,14136,"宮前区No.18","野川古墳（３号墳）","古墳","川崎市宮前区西野川1-38","古墳","馬絹-17",53,139.6083,35.57785
14136001900,14136,"宮前区No.19","","散布地 その他の墓","川崎市宮前区梶ヶ谷1117ほか","縄文　奈良　平安","馬絹-2",53,139.605,35.57899
14136002000,14136,"宮前区No.20","","その他の墓","川崎市宮前区西野川2-16","中世","馬絹-4",53,139.6088,35.5738
14136002100,14136,"宮前区No.21","野川中耕地遺跡","散布地","川崎市宮前区西野川2-14","縄文　奈良　平安","馬絹-3",53,139.6081,35.57414
14136002200,14136,"宮前区No.22","","散布地","川崎市宮前区野川3119ほか","縄文　弥生　古墳　奈良　平安","馬絹-18",53,139.6026,35.57518
14136002300,14136,"宮前区No.23","","散布地","川崎市宮前区西野川3-8","縄文　弥生　古墳　奈良　平安","馬絹-8",53,139.6034,35.57304
14136002400,14136,"宮前区No.24","","その他の墓","川崎市宮前区西野川3-5","平安","馬絹-26",53,139.6051,35.57186
14136002500,14136,"宮前区No.25","","散布地","川崎市宮前区西野川3-3","縄文","馬絹-9",53,139.6014,35.57149
14136002600,14136,"宮前区No.26","野川西耕地遺跡","集落跡 その他の墓","川崎市宮前区野川2935ほか","縄文　奈良　平安","馬絹-11",53,139.5988,35.57326
14136002700,14136,"宮前区No.27","","散布地","川崎市宮前区宮崎3-3-22ほか","縄文　古墳　奈良　平安","宮崎-15",52,139.5879,35.58863
14136002800,14136,"宮前区No.28","宮崎大塚古墳","古墳","川崎市宮前区宮崎175","古墳","宮崎-17",52,139.5972,35.59081
14136002900,14136,"宮前区No.29","","散布地","川崎市宮前区宮崎85","縄文　弥生","宮崎-11",52,139.6003,35.58554
14136003000,14136,"宮前区No.30","馬絹古墳","古墳","川崎市宮前区馬絹5-21","古墳","馬絹-6",52,139.6014,35.5836
14136003100,14136,"宮前区No.31","馬絹神社北遺跡","集落跡","川崎市宮前区馬絹5-23","縄文","馬絹-5",52,139.6014,35.58381
14136003200,14136,"宮前区No.32","","その他の墓","川崎市宮前区馬絹6-19","平安","馬絹-19",52,139.5965,35.58346
14136003300,14136,"宮前区No.33","","その他の墓","川崎市宮前区馬絹1-13","平安","馬絹-20",52,139.5958,35.58317
14136003400,14136,"宮前区No.34","","散布地","川崎市宮前区宮崎1-5ほか","縄文","宮崎-26",52,139.5931,35.58605
14136003500,14136,"宮前区No.35","","散布地","川崎市宮前区宮崎1-11ほか","古墳","宮崎-27",52,139.5936,35.58426
14136003600,14136,"宮前区No.36","","散布地","川崎市宮前区宮崎1-10ほか","縄文　弥生　古墳　奈良　平安","宮崎-33",52,139.5918,35.58506
14136003700,14136,"宮前区No.37","","散布地","川崎市宮前区馬絹2-9","縄文　奈良　平安","馬絹-13",52,139.5921,35.5815
14136003800,14136,"宮前区No.38","","散布地","川崎市宮前区馬絹1-15","古墳","有馬-7",58,139.5873,35.58143
14136003900,14136,"宮前区No.39","小台遺跡","集落跡","川崎市宮前区小台2-10","縄文　古墳","有馬-6",58,139.5841,35.58272
14136004000,14136,"宮前区No.40","","散布地","川崎市宮前区馬絹1-35","縄文","馬絹-22",59,139.5883,35.58003
14136004100,14136,"宮前区No.41","","散布地","川崎市宮前区西野川1-2","縄文","馬絹-10",53,139.5965,35.57692
14136004200,14136,"宮前区No.42","","散布地","川崎市宮前区東有馬2-12","縄文","馬絹-21",53,139.5947,35.57675
14136004300,14136,"宮前区No.43","","その他の墓","川崎市宮前区東有馬1-1","平安","馬絹-14",59,139.5904,35.57767
14136004400,14136,"宮前区No.44","","その他の墓","川崎市宮前区東有馬1-2","平安","馬絹-24",59,139.5901,35.57673
14136004500,14136,"宮前区No.45","東有馬一丁目遺跡・骨蔵器","集落跡 その他の墓","川崎市宮前区有馬3-4ほか","縄文　弥生　古墳　奈良　平安","馬絹-23",59,139.588,35.57774
14136004600,14136,"宮前区No.46","","散布地","川崎市宮前区東有馬2-36ほか","縄文　平安","馬絹-12",53,139.5939,35.57323
14136004700,14136,"宮前区No.47","","散布地","川崎市宮前区東有馬2-32","縄文　奈良　平安","馬絹-15",53,139.5926,35.57439
14136004800,14136,"宮前区No.48","骨蔵器","散布地 その他の墓","川崎市宮前区東有馬3-9ほか","縄文　奈良　平安","馬絹-16",53,139.5902,35.5733
14136004900,14136,"宮前区No.49","","その他の墓","川崎市宮前区東有馬3-13","平安","馬絹-25",59,139.59,35.57228
14136005000,14136,"宮前区No.50","","散布地","川崎市宮前区有馬3-18ほか","縄文","有馬-1",59,139.5867,35.57567
14136005100,14136,"宮前区No.51","有馬遺跡群","集落跡","川崎市宮前区有馬4-4ほか","縄文","有馬-8",59,139.5807,35.57629
14136005200,14136,"宮前区No.52","","散布地","川崎市宮前区有馬4-3ほか","縄文","有馬-3",59,139.5799,35.57587
14136005300,14136,"宮前区No.53","","散布地","川崎市宮前区有馬5-11ほか","縄文","有馬-9",59,139.5827,35.57327
14136005400,14136,"宮前区No.54","","散布地","川崎市宮前区有馬5-4ほか","縄文","有馬-4",59,139.58,35.57419
14136005500,14136,"宮前区No.55","","その他の墓","川崎市宮前区有馬7-1ほか","平安","有馬-14",59,139.5775,35.5728
14136005600,14136,"宮前区No.56","","散布地","川崎市宮前区有馬7-7","縄文","有馬-15",59,139.5769,35.5713
14136005700,14136,"宮前区No.57","","散布地","川崎市宮前区有馬8-19","奈良　平安","有馬-18",59,139.5737,35.57304
14136005800,14136,"宮前区No.58","","散布地","川崎市宮前区有馬9-15ほか","縄文　奈良","有馬-5",59,139.5737,35.57098
14136005900,14136,"宮前区No.59","堂尻谷戸遺跡","その他の墓","川崎市宮前区有馬8-17ほか","中世","有馬-19",59,139.5724,35.57308
14136006000,14136,"宮前区No.60","","散布地","川崎市宮前区有馬8-15","縄文","有馬-17",59,139.5728,35.57373
14136006100,14136,"宮前区No.61","","散布地","川崎市宮前区有馬9-2ほか","縄文","有馬-24",59,139.57,35.57237
14136006200,14136,"宮前区No.62","","集落跡","川崎市宮前区小台1-6ほか","縄文","有馬-11",58,139.579,35.58164
14136006300,14136,"宮前区No.63","","散布地","川崎市宮前区小台1-10","縄文　弥生　古墳　奈良　平安","有馬-2",59,139.5792,35.58004
14136006400,14136,"宮前区No.64","","散布地","川崎市宮前区小台1-15ほか","縄文","有馬-12",59,139.577,35.57982
14136006500,14136,"宮前区No.65","","その他の墓","川崎市宮前区小台1-11ほか","平安","有馬-10",59,139.5773,35.57945
14136006600,14136,"宮前区No.66","","散布地","川崎市宮前区有馬1-1","縄文　平安","有馬-16",59,139.5761,35.57843
14136006700,14136,"宮前区No.67","","その他の墓","川崎市宮前区有馬1-9","平安","有馬-25",59,139.5791,35.57829
14136006800,14136,"宮前区No.68","","散布地","川崎市宮前区有馬4-1ほか","縄文","有馬-13",59,139.5771,35.57599
14136006900,14136,"宮前区No.69","鷺沼南遺跡","散布地","川崎市宮前区鷺沼2-1","縄文","有馬-23",59,139.5689,35.57672
14136007000,14136,"宮前区No.70","","散布地","川崎市宮前区鷺沼3-10ほか","縄文","有馬-22",59,139.5691,35.57962
14136007100,14136,"宮前区No.71","","散布地","川崎市宮前区鷺沼4-3ほか","縄文","有馬-21",58,139.5693,35.58137
14136007200,14136,"宮前区No.72","","その他の墓","川崎市宮前区鷺沼4-9-6","平安","有馬-20",64,139.5677,35.58255
14136007300,14136,"宮前区No.73","土橋遺跡","集落跡","川崎市宮前区土橋2-4ほか","縄文","土橋-9",58,139.5764,35.58411
14136007400,14136,"宮前区No.74","第六天遺跡","集落跡","川崎市宮前区土橋2-14ほか","縄文","土橋-8",58,139.5734,35.58567
14136007500,14136,"宮前区No.75","東高根遺跡","集落跡","川崎市宮前区神木本町2-10","縄文　弥生　古墳　奈良　平安","五所塚-3",57,139.5864,35.60489
14136007600,14136,"宮前区No.76","東高根遺跡","散布地","川崎市宮前区神木本町2丁目","縄文　奈良　平安","五所塚-4",57,139.5853,35.60342
14136007700,14136,"宮前区No.77","","散布地","川崎市宮前区神木本町2-22","弥生","五所塚-6",57,139.5862,35.60304
14136007800,14136,"宮前区No.78","","横穴墓","川崎市宮前区神木本町2-11","古墳","津田山-21",57,139.5876,35.60202
14136007900,14136,"宮前区No.79","長尾鯉坂遺跡","集落跡","川崎市宮前区神木本町1-28ほ","縄文","五所塚-5",57,139.5827,35.60515
14136008000,14136,"宮前区No.80","長尾権現台遺跡・五所塚","集落跡","川崎市宮前区五所塚1-1-1ほか","縄文","五所塚-19",57,139.5769,35.60614
14136008100,14136,"宮前区No.81","","散布地","川崎市宮前区五所塚1-6ほか","縄文　奈良　平安","五所塚-35",57,139.5759,35.60579
14136008200,14136,"宮前区No.82","","散布地","川崎市宮前区平1-14","縄文","五所塚-36",57,139.577,35.6028
14136008300,14136,"宮前区No.83","東泉寺上遺跡","集落跡","川崎市宮前区平1-11","縄文　弥生　古墳　奈良　平安","五所塚-22",57,139.5786,35.60243
14136008400,14136,"宮前区No.84","","散布地","川崎市宮前区平1-10-39","縄文　古墳　奈良　平安","五所塚-23",57,139.5794,35.60205
14136008500,14136,"宮前区No.85","平風久保遺跡・東泉寺上遺跡","集落跡","川崎市宮前区平1-6","弥生","五所塚-24",57,139.578,35.60183
14136008600,14136,"宮前区No.86","平風久保遺跡・東泉寺上遺跡","集落跡","川崎市宮前区平1丁目","弥生","五所塚-37",57,139.5772,35.60149
14136008700,14136,"宮前区No.87","","散布地","川崎市宮前区平2-23","縄文　弥生","五所塚-37",57,139.5723,35.60292
14136008800,14136,"宮前区No.88","","散布地","川崎市宮前区平2-15ほか","縄文　奈良　平安","五所塚-39",57,139.5743,35.60205
14136008900,14136,"宮前区No.89","風久保遺跡・風久保西遺跡","集落跡 墓地","川崎市宮前区平2-12","縄文　弥生　平安","五所塚-27",57,139.5745,35.60111
14136009000,14136,"宮前区No.90","野川北耕地西遺跡","集落跡","川崎市宮前区野川本町1-14","縄文　弥生　古墳","千年-18",53,139.6127,35.58008
14136009100,14136,"宮前区No.91","","散布地","川崎市宮前区平2-16","弥生　奈良　平安","五所塚-28",57,139.5729,35.60105
14136009200,14136,"宮前区No.92","","散布地","川崎市宮前区平2-7","縄文　奈良　平安","五所塚-33",57,139.5703,35.60129
14136009300,14136,"宮前区No.93","","散布地","川崎市宮前区初山1-3","縄文　奈良　平安","五所塚-32",63,139.5669,35.60157
14136009400,14136,"宮前区No.94","","散布地","川崎市宮前区初山1-4","縄文","五所塚-31",63,139.5655,35.60268
14136009500,14136,"宮前区No.95","","散布地","川崎市宮前区初山2-7","縄文　奈良　平安","五所塚-34",63,139.5668,35.59768
14136009600,14136,"宮前区No.96","初山遺跡","集落跡","川崎市宮前区白幡台2-2ほか","縄文","土橋-28",63,139.5673,35.59549
14136009700,14136,"宮前区No.97","","散布地","川崎市宮前区南平台21ほか","縄文","土橋-5",57,139.5702,35.59598
14136009800,14136,"宮前区No.98","平遺跡","集落跡","川崎市宮前区神木本町5-12ほか","縄文　弥生","五所塚-38",57,139.5798,35.59966
14136009900,14136,"宮前区No.99","長尾古墳","古墳","川崎市宮前区神木本町5-3","古墳","五所塚-7",57,139.5822,35.60007
14136010000,14136,"宮前区No.100","","散布地","川崎市宮前区神木本町48ほか","縄文　奈良　平安","五所塚-9",57,139.5836,35.59884
14136010100,14136,"宮前区No.101","","散布地","川崎市宮前区神木本町3-4","縄文　弥生","五所塚-8",57,139.5847,35.59937
14136010200,14136,"宮前区No.102","","散布地","川崎市宮前区神木本町4-18","縄文　弥生　古墳　奈良　平安","五所塚-11",57,139.5851,35.5973
14136010300,14136,"宮前区No.103","","散布地","高津区向ヶ丘167ほか","縄文　弥生","宮崎-20",57,139.5884,35.59536
14136010400,14136,"宮前区No.104","","散布地","川崎市宮前区神木2-16ほか","縄文","土橋-10",57,139.586,35.59506
14136010500,14136,"宮前区No.105","","散布地","川崎市宮前区神木2-11ほか","縄文","土橋-1",57,139.584,35.5958
14136010600,14136,"宮前区No.106","","散布地","川崎市宮前区神木2-9","縄文　弥生　古墳　奈良　平安","土橋-2",57,139.5818,35.59532
14136010700,14136,"宮前区No.107","","散布地","川崎市宮前区神木本町4-3-4ほか","縄文　弥生　古墳　奈良　平安","五所塚-10",57,139.5819,35.59786
14136010800,14136,"宮前区No.108","","散布地","川崎市宮前区平6-1ほか","縄文　奈良　平安","五所塚-25",57,139.579,35.59845
14136010900,14136,"宮前区No.109","","散布地","川崎市宮前区平6-8ほか","縄文　弥生　古墳　奈良　平安","土橋-18",57,139.5772,35.59646
14136011000,14136,"宮前区No.110","南平遺跡","集落跡","川崎市宮前区平6-5ほか","縄文","土橋-19",57,139.5799,35.59523
14136011100,14136,"宮前区No.111","","散布地","川崎市宮前区けやき平6-6ほか","縄文","土橋-20",57,139.5788,35.59365
14136011200,14136,"宮前区No.112","","散布地 その他の墓","川崎市宮前区宮崎6-5","縄文　弥生　平安","土橋-23",58,139.5799,35.5921
14136011300,14136,"宮前区No.113","大野遺跡","集落跡","川崎市宮前区宮崎6-2","縄文","土橋-22",58,139.5811,35.59257
14136011400,14136,"宮前区No.114","","散布地","川崎市宮前区神木1-6ほか","縄文","土橋-11",58,139.5823,35.59315
14136011500,14136,"宮前区No.115","","その他の墓","川崎市宮前区宮崎6-3-10","平安","土橋-13",58,139.5839,35.593
14136011600,14136,"宮前区No.116","","散布地 その他の墓","川崎市宮前区宮崎6-4-6ほか","縄文　平安","土橋-12",58,139.5847,35.5931
14136011700,14136,"宮前区No.117","","散布地","川崎市宮前区宮崎4-1ほか","縄文　弥生　古墳　奈良　平安","土橋-3",58,139.5863,35.59327
14136011800,14136,"宮前区No.118","","散布地","川崎市宮前区宮崎6-2","縄文","土橋-14",58,139.5842,35.59185
14136011900,14136,"宮前区No.119","","散布地","川崎市宮前区宮崎5-4-21ほか","古墳","宮崎-29",58,139.5878,35.59122
14136012000,14136,"宮前区No.120","","古墳","川崎市宮前区宮崎5-4ほか","古墳","宮崎-30",58,139.5887,35.59083
14136012100,14136,"宮前区No.121","","散布地","川崎市宮前区宮崎3-18","縄文","宮崎-28",58,139.59,35.59188
14136012200,14136,"宮前区No.122","","散布地","川崎市宮前区宮崎2-6-1ほか","縄文","宮崎-31",58,139.5902,35.58874
14136012300,14136,"宮前区No.123","","散布地","川崎市宮前区宮崎3-3-18ほか","縄文　弥生","宮崎-32",58,139.5929,35.5922
14136012400,14136,"宮前区No.124","","散布地","川崎市宮前区宮前平3-14ほか","縄文","土橋-15",58,139.5852,35.58917
14136012500,14136,"宮前区No.125","","散布地","川崎市宮前区宮前平3-12ほか","縄文","土橋-16",58,139.5841,35.58764
14136012600,14136,"宮前区No.126","","散布地","川崎市宮前区宮前平2-1ほか","縄文","土橋-17",58,139.584,35.58565
14136012700,14136,"宮前区No.127","土橋-４遺跡","散布地","川崎市宮前区宮前平2-12ほか","縄文　古墳　奈良　平安","土橋-4",58,139.5828,35.58765
14136012800,14136,"宮前区No.128","","散布地","川崎市宮前区宮前平2-20ほか","縄文","土橋-25",58,139.5809,35.58934
14136012900,14136,"宮前区No.129","","散布地","川崎市宮前区宮前平2-20ほか","縄文","土橋-26",58,139.5786,35.5889
14136013000,14136,"宮前区No.130","","散布地","川崎市宮前区土橋7-5ほか","縄文","土橋-24",58,139.5767,35.59065
14136013100,14136,"宮前区No.131","土橋№６遺跡","散布地","川崎市宮前区土橋7-18","縄文","土橋-6",58,139.5747,35.59204
14136013200,14136,"宮前区No.132","","散布地","川崎市宮前区けやき平1","縄文","土橋-21",58,139.5765,35.59328
14136013300,14136,"宮前区No.133","","散布地","川崎市宮前区けやき平10ほか","縄文","土橋-7",58,139.5735,35.59351
14136013400,14136,"宮前区No.134","","散布地","川崎市宮前区けやき平9ほか","旧石器","土橋-27",58,139.5707,35.59126
14136013500,14136,"宮前区No.135","","散布地","川崎市宮前区南平台10","縄文","土橋-29",64,139.5663,35.59254
14136013600,14136,"宮前区No.136","白井坂埴輪窯跡","生産遺跡","川崎市宮前区犬蔵1-1ほか","古墳","土橋-30",64,139.5659,35.59233
14136013700,14136,"宮前区No.137","","散布地","川崎市宮前区犬蔵1-12","縄文","蔵敷-1",64,139.5634,35.58978
14136013800,14136,"宮前区No.138","","散布地","川崎市宮前区犬蔵1-13","縄文","蔵敷-2",64,139.5615,35.58926
14136013900,14136,"宮前区No.139","","散布地","川崎市宮前区犬蔵1-10ほか","縄文","蔵敷-3",64,139.565,35.58847
14136014000,14136,"宮前区No.140","","散布地","川崎市宮前区犬蔵2-16","縄文　弥生　古墳　奈良　平安","蔵敷-5",64,139.5629,35.58685
14136014100,14136,"宮前区No.141","","集落跡","川崎市宮前区犬蔵2-13ほか","縄文　弥生","蔵敷-8",64,139.5634,35.58552
14136014200,14136,"宮前区No.142","","散布地","川崎市宮前区犬蔵2-33ほか","縄文　奈良　平安","元石川-l",64,139.563,35.58245
14136014300,14136,"宮前区No.143","","散布地","川崎市宮前区犬蔵2-20ほか","縄文","蔵敷-4",64,139.5614,35.58731
14136014400,14136,"宮前区No.144","","散布地","川崎市宮前区犬蔵2-27ほか","縄文","蔵敷-7",64,139.5613,35.58626
14136014500,14136,"宮前区No.145","","散布地","川崎市宮前区犬蔵2-22ほか","縄文　弥生　古墳","蔵敷-6",64,139.5598,35.58681
14136014600,14136,"宮前区No.146","向ヶ丘南菅生地内遺跡","集落跡","川崎市宮前区犬蔵2-28ほか","縄文","蔵敷-9",64,139.5584,35.58625
14136014700,14136,"宮前区No.147","","散布地","川崎市宮前区菅生1-33ほか","縄文　奈良　平安","生田緑地-7",63,139.5554,35.59985
14136014800,14136,"宮前区No.148","","散布地","川崎市宮前区菅生1-36","縄文　奈良　平安","生田緑地-5",63,139.5554,35.59985
14136014900,14136,"宮前区No.149","","散布地","川崎市宮前区菅生1-12","縄文　弥生　古墳　奈良　平安","生田緑地-4",63,139.5568,35.60137
14136015000,14136,"宮前区No.150","","散布地","川崎市宮前区菅生1-9","縄文　弥生　古墳　奈良　平安","生田緑地-6",63,139.5533,35.60074
14136015100,14136,"宮前区No.151","菅生遺跡","散布地","川崎市宮前区菅生2-10","縄文　奈良　平安","生田緑地-13",63,139.5528,35.59878
14136015200,14136,"宮前区No.152","","散布地","川崎市宮前区菅生2-16ほか","縄文","生田緑地-12",63,139.5471,35.59956
14136015300,14136,"宮前区No.153","","その他の墓","川崎市宮前区菅生2-14","平安","生田緑地-14",63,139.5501,35.5986
14136015400,14136,"宮前区No.154","","散布地 その他の墓","川崎市宮前区菅生2-6ほか","縄文　平安","生田緑地-10",63,139.5538,35.59687
14136015500,14136,"宮前区No.155","","散布地","川崎市宮前区菅生2-7ほか","（不明）","生田緑地-9",63,139.5547,35.59732
14136015600,14136,"宮前区No.156","","散布地","川崎市宮前区菅生1-3ほか","縄文","生田緑地-8",63,139.5554,35.5975
14136015700,14136,"宮前区No.157","","散布地","川崎市宮前区菅生3-21ほか","縄文","蔵敷-17",63,139.5492,35.59544
14136015800,14136,"宮前区No.158","","散布地","川崎市宮前区菅生3-17ほか","縄文","蔵敷-18",63,139.5504,35.59541
14136015900,14136,"宮前区No.159","","散布地","川崎市宮前区菅生4-5ほか","縄文　奈良　平安","蔵敷-18",64,139.5535,35.59213
14136016000,14136,"宮前区No.160","菅生カエンヅカ遺跡","集落跡","川崎市宮前区菅生5-23ほか","縄文","蔵敷-15",64,139.5548,35.5915
14136016100,14136,"宮前区No.161","菅生水沢遺跡Ｃ地点","集落跡","川崎市宮前区水沢1-1","縄文","蔵敷-12",64,139.5526,35.59126
14136016200,14136,"宮前区No.162","菅生水沢遺跡Ｂ地点","集落跡","川崎市宮前区水沢1-1","縄文　古墳","蔵敷-11",64,139.5501,35.59098
14136016300,14136,"宮前区No.163","","散布地","川崎市宮前区水沢1-2ほか","縄文　弥生　古墳　奈良　平安","蔵敷-14",64,139.5475,35.58964
14136016400,14136,"宮前区No.164","菅生水沢遺跡Ａ地点","集落跡","川崎市宮前区水沢1-1","","蔵敷-19",64,139.5486,35.5911
14136016500,14136,"宮前区No.165","菅生水沢遺跡Ｅ地点","集落跡","川崎市宮前区菅生4-14ほか","奈良　平安","蔵敷-10",64,139.5499,35.59249
14136016600,14136,"宮前区No.166","菅生水沢遺跡Ｄ地点・Ｆ地点","集落跡","川崎市宮前区水沢1-1","縄文　弥生　古墳　奈良　平安","蔵敷-13",64,139.5469,35.59226
14136016700,14136,"宮前区No.167","","散布地","川崎市宮前区水沢2-9","縄文　奈良　平安","稗原-10",70,139.5422,35.59244
14136016800,14136,"宮前区No.168","鷲ヶ峰遺跡","散布地","川崎市宮前区菅生ケ丘38ほか","縄文","長沢-1",69,139.5411,35.59807
14136016900,14136,"宮前区No.169","","散布地","川崎市宮前区潮見台7","奈良　平安","稗原-5",70,139.5395,35.59608
14136017000,14136,"宮前区No.170","潮見台遺跡Ａ地点","散布地 その他の墓","川崎市宮前区潮見台3-8ほか","縄文　平安","稗原-6",69,139.5362,35.59537
14136017100,14136,"宮前区No.171","潮見台遺跡Ｃ地点","散布地 その他の墓","川崎市宮前区潮見台2-38ほか","縄文　弥生　古墳　奈良　平安","稗原-3",69,139.5364,35.5946
14136017200,14136,"宮前区No.172","","散布値","川崎市宮前区潮見台18","縄文","稗原-4",70,139.5338,35.59209
14136017300,14136,"宮前区No.173","","散布地","川崎市宮前区潮見台4","縄文　奈良　平安","稗原-7",69,139.531,35.59544
14136017400,14136,"宮前区No.174","","散布地","川崎市宮前区潮見台7","縄文　奈良　平安","稗原-8",69,139.5291,35.59365
14136017500,14136,"宮前区No.175","","散布地","川崎市宮前区潮見台24","縄文","稗原-5",70,139.5273,35.59288
14136017600,14136,"宮前区No.176","野川東耕地北遺跡","散布地","川崎市宮前区野川本町2-8","縄文　古墳　奈良　平安","千年-24",48,139.6146,35.57685
14136017700,14136,"宮前区No.177","","散布地","川崎市宮前区有馬1-5","縄文　奈良　平安","有馬-26",59,139.5775,35.57821
14136017800,14136,"宮前区No.178","","その他の墓","川崎市宮前区東有馬1-3","平安","馬絹-27",59,139.5899,35.57765
14136017900,14136,"宮前区No.179","","散布地","川崎市宮前区野川本町2-7","縄文　古墳　奈良　平安","千年-28",48,139.6135,35.5768
14136018000,14136,"宮前区No.180","","散布地","川崎市宮前区西野川1-15","縄文　弥生　古墳　奈良　平安","馬絹-7",53,139.601,35.57612
14136018100,14136,"宮前区No.181","","散布地","川崎市宮前区野川3004","縄文","馬絹-29",53,139.5972,35.57565
14136018200,14136,"宮前区No.182","野川西耕地遺跡","集落跡","川崎市宮前区野川3013","縄文　古墳","馬絹-30",53,139.5991,35.57428
14136018300,14136,"宮前区No.183","","散布地","川崎市宮前区神木本町4-10","弥生","五所塚-41",57,139.5835,35.59768
14136018400,14136,"宮前区No.184","","散布地","川崎市宮前区平2-19","古墳","五所塚-42",57,139.5713,35.60214
14136018500,14136,"宮前区No.185","板碑","その他の墓","川崎市宮前区東有馬3-5","中世","有馬-27",59,139.5872,35.57246
14136018600,14136,"宮前区No.186","","その他の墓","川崎市宮前区菅生1-18","中世","生田緑地-15",63,139.554,35.60159
14136018700,14136,"宮前区No.187","","散布地","川崎市宮前区菅生2-12","縄文","生田緑地-16",63,139.553,35.59986
14136018800,14136,"宮前区No.188","","散布地","川崎市宮前区菅生1-10","縄文","生田緑地-17",63,139.5563,35.59959
14136018900,14136,"宮前区No.189","","散布地","川崎市宮前区菅生1-18","縄文　奈良　平安","生田緑地-18",63,139.554,35.60159
14136019000,14136,"宮前区No.190","","散布地","川崎市宮前区水沢3-1","奈良　平安","蔵敷-20",64,139.5477,35.59323
14136019100,14136,"宮前区No.191","","散布地","川崎市宮前区神木本町1-25ほか","縄文　奈良　平安","五所塚-21",57,139.5821,35.60428
14136019200,14136,"宮前区No.192","","その他の墓","川崎市宮前区有馬4-16","平安","―",59,139.5818,35.57549
14136019300,14136,"宮前区No.193","","散布地","高津区上作延722ほか","縄文　古墳　奈良　平安　中世","津田山-23",57,139.5865,35.5972
14136019400,14136,"宮前区No.194","","散布地","川崎市宮前区馬絹1-19","古墳","―",58,139.5857,35.58257
14136019600,14136,"宮前区No.196","小台西遺跡","散布地","川崎市宮前区小台1-3ほか","縄文","―",58,139.5798,35.58321
14136019700,14136,"宮前区No.197","梶ヶ谷金山西遺跡","狩場","川崎市宮前区梶ヶ谷金山1451付近","縄文","―",53,139.6018,35.57973
14136019800,14136,"宮前区No.198","","散布地","川崎市宮前区東有馬5-36","縄文","―",53,139.5965,35.56804
14135000100,14135,"多摩区No.1","","散布地","川崎市多摩区長尾7-8ほか","縄文","五所塚-1",56,139.5861,35.60812
14135000200,14135,"多摩区No.2","下原遺跡","集落跡","川崎市多摩区長尾7-12","縄文　弥生　古墳　奈良　平安","五所塚-2",56,139.5848,35.60665
14135000300,14135,"多摩区No.3","新林遺跡","集落跡","川崎市多摩区長尾7-29ほか","縄文　弥生　古墳　奈良　平安","五所塚-20",57,139.5808,35.60597
14135000400,14135,"多摩区No.4","長尾台遺跡・長尾台北遺跡","集落跡","川崎市多摩区長尾6-11","縄文　弥生　古墳　奈良　平安","五所塚-15",56,139.5806,35.60804
14135000500,14135,"多摩区No.5","長尾妙楽寺北遺跡","城館跡","川崎市多摩区長尾3-9","中世","五所塚-14",56,139.5781,35.60833
14135000600,14135,"多摩区No.6","妙楽寺出土板碑","その他の墓","川崎市多摩区長尾3-9","中世","五所塚-13・16",56,139.5768,35.60831
14135000700,14135,"多摩区No.7","大師穴","横穴墓","川崎市多摩区長尾3-10","古墳","五所塚-12",56,139.5762,35.60926
14135000800,14135,"多摩区No.8","","散布地","川崎市多摩区長尾3-10-2","縄文","五所塚-17",57,139.5767,35.60725
14135000900,14135,"多摩区No.9","","散布地","川崎市多摩区長尾3-10-1","縄文　弥生","五所塚-18",57,139.5769,35.60689
14135001000,14135,"多摩区No.10","","散布地","川崎市多摩区東生田4-8","縄文　奈良　平安","五所塚-29",63,139.5669,35.60405
14135001100,14135,"多摩区No.11","","その他の墓","川崎市多摩区東生田4-10","平安","五所塚-40",63,139.5662,35.60319
14135001200,14135,"多摩区No.12","","散布地","川崎市多摩区東生田4-11ほか","縄文","五所塚-30",63,139.5659,35.60346
14135001300,14135,"多摩区No.13","","散布地","川崎市多摩区東生田4-16ほか","縄文　奈良　平安","生田緑地-2",63,139.5639,35.60508
14135001400,14135,"多摩区No.14","登戸富士塚","古墳","川崎市多摩区登戸2919","古墳","宿河原-1",62,139.5683,35.61574
14135001500,14135,"多摩区No.15","生田長者穴横穴墓群","横穴墓","川崎市多摩区枡形6-1ほか","古墳","登戸-1",62,139.5632,35.61357
14135001600,14135,"多摩区No.16","廣福寺南遺跡","散布地","川崎市多摩区枡形6-7-8","縄文　奈良　平安","登戸-3",62,139.5592,35.61383
14135001700,14135,"多摩区No.17","生田根岸古墳群","古墳","川崎市多摩区枡形4-12ほか","古墳","登戸-2",62,139.555,35.61762
14135001800,14135,"多摩区No.18","榎戸遺跡","散布地 横穴墓","川崎市多摩区枡形4-12","縄文　弥生　古墳　奈良　平安","登戸-4",62,139.5532,35.6175
14135001900,14135,"多摩区No.19","","散布地","川崎市多摩区枡形6-26","縄文　奈良　平安","生田緑地-1",62,139.5581,35.61171
14135002000,14135,"多摩区No.20","","散布地","川崎市多摩区枡形6-26ほか","縄文　奈良　平安","生田緑地-3",62,139.5579,35.61057
14135002100,14135,"多摩区No.21","神明山遺跡","散布地","川崎市多摩区三田5-l","縄文","生田緑地-11",63,139.5492,35.60535
14135002200,14135,"多摩区No.22","","その他の墓","川崎市多摩区南生田6-5","平安","長沢-14",69,139.5407,35.60409
14135002300,14135,"多摩区No.23","","散布地","川崎市多摩区南生田6-9ほか","縄文","長沢-8",69,139.5399,35.60277
14135002400,14135,"多摩区No.24","","その他の墓","川崎市多摩区南生田6-32","平安","長沢-15",69,139.5382,35.60543
14135002500,14135,"多摩区No.25","","散布地","川崎市多摩区長沢4-14ほか","縄文","長沢-2",69,139.5382,35.59821
14135002600,14135,"多摩区No.26","潮見台遺跡Ｂ地点","集落跡","川崎市多摩区長沢1-22ほか","縄文","稗原-2",69,139.5361,35.59701
14135002700,14135,"多摩区No.27","","散布地","川崎市多摩区南生田2-3ほか","縄文","長沢-12",69,139.5316,35.6051
14135002800,14135,"多摩区No.28","","散布地","川崎市多摩区南生田2-31","縄文","長沢-6",69,139.5263,35.60457
14135002900,14135,"多摩区No.29","","散布地","川崎市多摩区南生田1-29ほか","縄文","長沢-11",69,139.5285,35.60651
14135003000,14135,"多摩区No.30","","散布地","川崎市多摩区南生田1-13ほか","縄文","長沢-10",68,139.5298,35.6073
14135003100,14135,"多摩区No.31","","散布地","川崎市多摩区栗谷2-19","縄文","長沢-9",69,139.5328,35.60833
14135003200,14135,"多摩区No.32","","散布地","川崎市多摩区西生田4-20ほか","縄文　古墳　奈良　平安","長沢-5",68,139.5247,35.61075
14135003300,14135,"多摩区No.33","","散布地","川崎市多摩区西生田3-22ほか","縄文　弥生　古墳　奈良　平安","長沢-4",68,139.5282,35.61036
14135003400,14135,"多摩区No.34","","散布地","川崎市多摩区西生田3-18","縄文　奈良　平安","西生田-11",68,139.5312,35.61141
14135003500,14135,"多摩区No.35","","散布地","川崎市多摩区栗谷2-13","縄文　古墳　奈良　平安","長沢-3",68,139.5338,35.60926
14135003600,14135,"多摩区No.36","","散布地","川崎市多摩区栗谷4-1ほか","縄文　奈良　平安","西生田-1",68,139.5387,35.61236
14135003700,14135,"多摩区No.37","栗谷遺跡","集落跡","川崎市多摩区栗谷3-25ほか","縄文　奈良　平安","西生田-10",68,139.5364,35.6132
14135003800,14135,"多摩区No.38","","散布地","川崎市多摩区生田7-18ほか","奈良　平安","西生田-8",68,139.5403,35.61606
14135003900,14135,"多摩区No.39","","その他の墓","川崎市多摩区生田6-15","平安","西生田-12",68,139.5344,35.61685
14135004000,14135,"多摩区No.40","","散布地","川崎市多摩区西生田2-9ほか","縄文","西生田-9",68,139.5344,35.61586
14135004100,14135,"多摩区No.41","","散布地","川崎市多摩区西生田2-12ほか","奈良　平安","西生田-2",68,139.5323,35.61537
14135004200,14135,"多摩区No.42","","散布地","川崎市多摩区西生田1-7","縄文　奈良　平安","西生田-5",68,139.529,35.61682
14135004300,14135,"多摩区No.43","菅古墳","古墳","川崎市多摩区菅馬場4-3","古墳","西生田-4",68,139.5271,35.61753
14135004400,14135,"多摩区No.44","","散布地","川崎市多摩区西生田1-1-1","縄文","西生田-3",68,139.5282,35.62183
14135004500,14135,"多摩No.45","寺尾台廃寺跡","社寺跡","川崎市多摩区寺尾台2-8","奈良　平安","西生田-7",67,139.538,35.62218
14135004600,14135,"多摩No.46","","散布地","川崎市多摩区菅北浦5-3","縄文　奈良　平安","菅-1",67,139.535,35.62691
14135004700,14135,"多摩No.47","西菅遺跡第１地点","集落跡","川崎市多摩区菅馬場3-14ほか","縄文","菅-3",67,139.5334,35.62498
14135004800,14135,"多摩No.48","西菅遺跡第２地点","集落跡","川崎市多摩区菅北浦4-6ほか","縄文","菅-5",67,139.5297,35.62516
14135004900,14135,"多摩No.49","","集落跡","川崎市多摩区菅北浦4-6ほか","縄文","菅-7",67,139.5261,35.62539
14135005000,14135,"多摩区No.50","","散布地","川崎市多摩区菅仙谷3-1ほか","縄文","菅-6",73,139.523,35.62641
14135005100,14135,"多摩No.51","","その他の墓","川崎市多摩区菅北浦4-16-2","中世","菅-4",67,139.5311,35.62851
14135005200,14135,"多摩区No.52","小沢城跡","城館跡","川崎市多摩区菅6516ほか","中世","菅-8",73,139.5236,35.6321
14135005300,14135,"多摩区No.53","","散布地","川崎市多摩区菅仙谷1-4ほか","縄文　奈良　平安","菅-2",73,139.5215,35.6315
14135005400,14135,"多摩区No.54","亀の子山遺跡","集落跡","川崎市多摩区枡形5-6ほか","縄文　奈良　平安","登戸-5",62,139.5539,35.61251
14135005500,14135,"多摩区No.55","","散布地","川崎市多摩区長沢4-13ほか","縄文　奈良　平安","長沢-16",69,139.5366,35.59801
14135005600,14135,"多摩区No.56","長沢-17遺跡","散布地","川崎市多摩区長沢4-22","近世","長沢-17",69,139.536,35.59751
14135005700,14135,"多摩区No.57","","散布地","川崎市多摩区枡形6-26ほか","縄文　弥生","登戸-6",62,139.5579,35.61057
14135005800,14135,"多摩区No.58","南生田遺跡","その他の墓","川崎市多摩区南生田5-4","中世","長沢-18",69,139.5403,35.60188
14135005900,14135,"多摩区No.59","東生田横穴墓","横穴墓","川崎市多摩区東生田2-4527ほか","古墳","登戸-7",62,139.5644,35.61245
14135006000,14135,"多摩区No.60","枡形山遺跡","散布地 城館跡","川崎市多摩区枡形6-4740ほか","旧石器　縄文　中世","登戸-8",62,139.5612,35.61114
14135006100,14135,"多摩区No.61","多摩区No.61遺跡","散布地","川崎市多摩区宿河原地先","縄文","宿河原-2",56,139.5843,35.61766
14135006200,14135,"多摩区No.62","","散布地","川崎市多摩区南生田2-29","縄文　奈良　平安","長沢-20",69,139.528,35.6035
14135006300,14135,"多摩区No.63","東生田緑地内古墳群","古墳","川崎市多摩区枡形4丁目付近","古墳","登戸-9",62,139.5531,35.6168
14135006400,14135,"多摩区No.64","","散布地","川崎市多摩区西生田3-3","縄文",",68,139.5309,35.61358
14135006500,14135,"多摩No.65","寺尾城跡","城館跡","川崎市多摩区菅馬場2-30","中世",",67,139.5383,35.62408
14135006600,14135,"多摩区No.66","東高根遺跡","散布地","川崎市宮前区神木本町2丁目","縄文　奈良　平安","五所塚-4",57,139.5844,35.60502
14135006700,14135,"多摩区No.67","長尾鯉坂遺跡","集落跡","川崎市宮前区神木本町1-28ほか","縄文","五所塚-5",57,139.5828,35.60513
14137000100,14137,"麻生区No.1","","散布地","川崎市麻生区細山7-11","奈良　平安","稲城-1",73,139.5137,35.62453
14137000200,14137,"麻生区No.2","","散布地","川崎市麻生区細山7-8","縄文","稲城-2",73,139.5123,35.6239
14137000300,14137,"麻生区No.3","細山代官山遺跡","散布地 その他の墓","川崎市麻生区細山8-16ほか","弥生　古墳　奈良　平安","細山-7",73,139.5111,35.62194
14137000400,14137,"麻生区No.4","","散布地","川崎市麻生区細山8-7ほか","縄文　奈良　平安","細山-8",74,139.5113,35.62068
14137000500,14137,"麻生区No.5","細山遺跡","散布地","川崎市麻生区千代ヶ丘9-11ほか","弥生　奈良　平安","細山-13",74,139.5088,35.61886
14137000600,14137,"麻生区No.6","","散布地","川崎市麻生区細山4-22ほか","縄文　奈良　平安","細山-9",74,139.5117,35.61886
14137000700,14137,"麻生区No.7","","その他の墓","川崎市麻生区細山5-12","縄文","細山-22",74,139.5171,35.61866
14137000800,14137,"麻生区No.8","","散布地","川崎市麻生区細山5-24ほか","縄文","細山-3",73,139.5166,35.62107
14137000900,14137,"麻生区No.9","","散布地","川崎市麻生区細山1-10ほか","縄文　奈良　平安","細山-4",74,139.5182,35.61974
14137001000,14137,"麻生区No.10","","散布地","川崎市麻生区多摩美2-12ほか","縄文　奈良　平安","細山-2",74,139.5209,35.61988
14137001100,14137,"麻生区No.11","","散布地","川崎市麻生区細山6-6ほか","縄文","細山-1",73,139.5203,35.62114
14137001100,14137,"麻生区No.11","","散布地","川崎市麻生区細山6-6ほか","縄文","細山-1",74,139.5186,35.62147
14137001200,14137,"麻生区No.12","香林寺北遺跡","散布地","川崎市麻生区細山3-8ほか","縄文　奈良　平安","細山-10",74,139.5123,35.6161
14137001300,14137,"麻生区No.13","","その他の墓","川崎市麻生区千代ヶ丘6-8-3","平安","細山-20",74,139.5108,35.6161
14137001400,14137,"麻生区No.14","","散布地","川崎市麻生区千代ヶ丘6-6ほか","縄文","細山-14",74,139.51,35.61645
14137001500,14137,"麻生区No.15","坂東谷遺跡","その他の墓 集落跡","川崎市麻生区千代ヶ丘6-3-22","平安","細山-21",74,139.5102,35.6153
14137001600,14137,"麻生区No.16","弦巻遺跡・稲荷森遺跡","散布地","川崎市麻生区高石3-25ほか","縄文　弥生　古墳　奈良　平安","細山-5",74,139.5191,35.6147
14137001700,14137,"麻生区No.17","高石経塚","その他の墓","川崎市麻生区高石1-26ほか","中世","細山-6",74,139.5161,35.61218
14137001800,14137,"麻生区No.18","","散布地","川崎市麻生区高石2-6","縄文　弥生","細山-11",74,139.512,35.61233
14137001900,14137,"麻生区No.19","","集落跡","川崎市麻生区高石2-2ほか","縄文　奈良　平安","細山-12",74,139.5114,35.61059
14137002000,14137,"麻生区No.20","","散布地","川崎市麻生区高石5-15ほか","縄文　奈良　平安","長沢-7",75,139.5217,35.60452
14137002100,14137,"麻生区No.21","","散布地","川崎市麻生区東百合丘2-20","縄文","長沢-13",69,139.5256,35.59839
14137002200,14137,"麻生区No.22","生田ナベコロガシ遺跡","その他の墓","川崎市麻生区東百合丘2-5","平安","長沢-19",69,139.5272,35.60017
14137002300,14137,"麻生区No.23","","散布地","川崎市麻生区王禅寺東1-30","縄文","稗原-9",75,139.5219,35.59367
14137002400,14137,"麻生区No.24","日吉谷遺跡","散布地","川崎市麻生区王禅寺東2-42","縄文　奈良　平安","王禅寺-6",76,139.5194,35.5905
14137002500,14137,"麻生区No.25","細山経塚遺跡","その他の墓","川崎市麻生区千代ヶ丘7-12","中世","細山-18",74,139.5065,35.61557
14137002600,14137,"麻生区No.26","","その他の墓","川崎市麻生区千代ヶ丘5-8-2","平安","細山-19",74,139.5081,35.61428
14137002700,14137,"麻生区No.27","","散布地","川崎市麻生区千代ヶ丘3-17ほか","奈良　平安","細山-15",74,139.5079,35.61321
14137002800,14137,"麻生区No.28","","散布地","川崎市麻生区金程4-19ほか","縄文","細山-16",74,139.5037,35.61417
14137002900,14137,"麻生区No.29","細山向原遺跡","集落跡","川崎市麻生区向原2-2ほか","縄文","後原-1",79,139.4958,35.61385
14137003000,14137,"麻生区No.30","金程向原遺跡第３地点","集落跡","川崎市麻生区金程2-10ほか","縄文","細山-17",79,139.4991,35.61159
14137003100,14137,"麻生区No.31","","散布地","川崎市麻生区金程1-38","縄文","百合丘-7",74,139.5024,35.61054
14137003200,14137,"麻生区No.32","","散布地","川崎市麻生区万福寺215ほか","奈良　平安","百合丘-4",75,139.5036,35.60677
14137003300,14137,"麻生区No.33","","散布地","川崎市麻生区万福寺379ほか","縄文　弥生","百合丘-3",74,139.5069,35.6083
14137003400,14137,"麻生区No.34","","散布地","川崎市麻生区万福寺395ほか","弥生　古墳","百合丘-2",74,139.5089,35.60836
14137003500,14137,"麻生区No.35","","散布地","川崎市麻生区万福寺550ほか","縄文　弥生　古墳　奈良　平安","百合丘-1",74,139.5109,35.60824
14137003600,14137,"麻生区No.36","","散布地","川崎市麻生区古沢246ほか","縄文　奈良　平安","百合丘-5",80,139.4992,35.60434
14137003700,14137,"麻生区No.37","","その他の遺跡","川崎市麻生区五力田247ほか","近世","五力田-6",80,139.4906,35.60461
14137003800,14137,"麻生区No.38","","散布地","川崎市麻生区五力田249ほか","縄文　弥生　古墳　奈良　平安","五力田-7",80,139.491,35.60442
14137003900,14137,"麻生区No.39","","散布地","川崎市麻生区古沢578ほか","縄文","五力田-1",80,139.4945,35.60515
14137004000,14137,"麻生区No.40","","散布地","川崎市麻生区古沢564ほか","縄文　奈良　平安","五力田-2",80,139.496,35.6047
14137004100,14137,"麻生区No.41","","散布地","川崎市麻生区古沢228ほか","縄文","五力田-3",80,139.4975,35.6037
14137004200,14137,"麻生区No.42","古沢都古遺跡","散布地","川崎市麻生区古沢287ほか","奈良　平安","百合丘-6",80,139.4993,35.60299
14137004300,14137,"麻生区No.43","五力田西遺跡","集落跡","川崎市麻生区五力田2-11ほか","縄文","五力田-13",80,139.4908,35.60047
14137004400,14137,"麻生区No.44","五力田東遺跡","集落跡","川崎市麻生区五力田2-3ほか","縄文　弥生","五力田-8",80,139.4934,35.59961
14137004500,14137,"麻生区No.45","","散布地","川崎市麻生区五力田3-16ほか","縄文　弥生　古墳　奈良　平安","五力田-5",80,139.4958,35.6007
14137004600,14137,"麻生区No.46","","散布地","川崎市麻生区五力田3-4ほか","縄文　弥生　古墳　奈良　平安","五力田-4",80,139.4979,35.60021
14137004700,14137,"麻生区No.47","菓積台遺跡","集落跡","川崎市麻生区片平1-8ほか","縄文　奈良　平安","百合丘-8",80,139.4994,35.59961
14137004800,14137,"麻生区No.48","山口台遺跡群上台遺跡","集落跡","川崎市麻生区上麻生4-41","縄文　弥生　古墳　奈良　平安","王禅寺-3",75,139.5021,35.59659
14137004900,14137,"麻生区No.49","上麻生日光台遺跡","集落跡","川崎市麻生区上麻生5-10","縄文","王禅寺-4",81,139.5009,35.59326
14137005000,14137,"麻生区No.50","大ヶ谷戸遺跡","集落跡","川崎市麻生区上麻生5-21ほか","縄文　弥生　古墳　奈良　平安","王禅寺-5",81,139.5002,35.59132
14137005100,14137,"麻生区No.51","","散布地","川崎市麻生区王禅寺西7-17","弥生","王禅寺-1",76,139.5048,35.58628
14137005200,14137,"麻生区No.52","王禅寺白山横穴墓群","横穴墓","川崎市麻生区王禅寺1857ほか","古墳","王禅寺-2",76,139.5076,35.58523
14137005300,14137,"麻生区No.53","下麻生古墳群","古墳","川崎市麻生区下麻生1094","古墳","早野-9",76,139.5085,35.58041
14137005400,14137,"麻生区No.54","東柿生小学校北遺跡","散布地","川崎市麻生区王禅寺133ほか","縄文　弥生　古墳　奈良　平安","早野-10",76,139.5109,35.58037
14137005500,14137,"麻生区No.55","","散布地","川崎市麻生区王禅寺24-2","縄文　古墳　奈良　平安","早野-11",77,139.513,35.57968
14137005600,14137,"麻生区No.56","","散布地","川崎市麻生区王禅寺183ほか","縄文　弥生　古墳　奈良　平安","早野-12",77,139.5139,35.57956
14137005700,14137,"麻生区No.57","","散布地","川崎市麻生区王禅寺288","縄文　弥生　古墳　奈良　平安","早野-1",77,139.5176,35.57916
14137005800,14137,"麻生区No.58","","散布地","川崎市麻生区王禅寺305ほか","縄文　弥生","早野-2",77,139.5189,35.57877
14137005900,14137,"麻生区No.59","","散布地","川崎市麻生区王禅寺310ほか","縄文","早野-3",77,139.5186,35.57826
14137006000,14137,"麻生区No.60","","散布地","川崎市麻生区早野28","縄文　弥生　古墳　奈良　平安","早野-14",77,139.5141,35.57684
14137006100,14137,"麻生区No.61","東柿生小学校内遺跡","散布地","川崎市麻生区王禅寺94ほか","縄文　弥生　古墳　奈良　平安 中世","早野-13",77,139.5111,35.57849
14137006200,14137,"麻生区No.62","牛塚古墳","古墳","川崎市麻生区王禅寺56","古墳","早野-21",77,139.5124,35.57832
14137006300,14137,"麻生区No.63","狐塚古墳","古墳","川崎市麻生区王禅寺94","古墳","早野-15",77,139.5129,35.57804
14137006400,14137,"麻生区No.64","子ノ神神社古墳","古墳","川崎市麻生区早野67","古墳","早野-16",77,139.5128,35.57603
14137006500,14137,"麻生区No.65","","散布地","川崎市麻生区早野950ほか","縄文　弥生　古墳　奈良　平安","早野-5",77,139.5153,35.57314
14137006600,14137,"麻生区No.66","","散布地","川崎市麻生区早野932ほか","縄文　古墳　奈良　平安","早野-6",77,139.5164,35.57213
14137006700,14137,"麻生区No.67","早野横穴墓","横穴墓","川崎市麻生区早野889ほか","古墳","早野-4",77,139.5174,35.57272
14137006800,14137,"麻生区No.68","早野上ノ原遺跡","散布地","川崎市麻生区早野798ほか","旧石器　縄文　弥生　古墳 奈良　平安　中世　近世","早野-7",77,139.5191,35.57053
14137006900,14137,"麻生区No.69","","散布地","川崎市麻生区早野718ほか","奈良　平安","早野-8",77,139.5165,35.57066
14137007000,14137,"麻生区No.70","","散布地","川崎市麻生区早野634ほか","縄文　弥生　古墳　奈良　平安","鴨志田-1",77,139.5153,35.56853
14137007100,14137,"麻生区No.71","亀井古墳群","古墳","川崎市麻生区上麻生7-38","縄文　古墳","早野-17",77,139.5053,35.58024
14137007200,14137,"麻生区No.72","","散布地","川崎市麻生区上麻生7-41","縄文　弥生　古墳　奈良　平安 中世","早野-18",77,139.5057,35.57897
14137007300,14137,"麻生区No.73","","散布地","川崎市麻生区上麻生7-27","縄文　弥生　古墳　奈良　平安","早野-20",77,139.5028,35.5801
14137007400,14137,"麻生区No.74","","散布地","川崎市麻生区上麻生7-16","縄文","早野-19",81,139.501,35.58194
14137007500,14137,"麻生区No.75","","散布地","川崎市麻生区片平3-10ほか","縄文　弥生　古墳　奈良　平安","片平-1",81,139.4929,35.58984
14137007600,14137,"麻生区No.76","","散布地","川崎市麻生区片平4-8ほか","奈良　平安","片平-2",81,139.4903,35.59211
14137007700,14137,"麻生区No.77","仲町遺跡","集落跡","川崎市麻生区片平3-27ほか","縄文","片平-3・4",81,139.4887,35.59103
14137007800,14137,"麻生区No.78","","散布地","川崎市麻生区片平4-14ほか","縄文　奈良　平安","片平-6",80,139.4874,35.59375
14137007900,14137,"麻生区No.79","","散布地","川崎市麻生区片平2014ほか","縄文　奈良　平安","片平-5",80,139.486,35.59523
14137008000,14137,"麻生区No.80","","散布地","川崎市麻生区片平1785ほか","縄文　奈良　平安","片平-7",80,139.4831,35.59626
14137008100,14137,"麻生区No.81","桐光学園第ニグラウンド建設予定地内遺跡","散布地","川崎市麻生区片平1642ほか","縄文　奈良　平安","五力田-12",80,139.4828,35.59827
14137008200,14137,"麻生区No.82","","集落跡","川崎市麻生区片平1610ほか","縄文　奈良　平安","片平-8",85,139.4799,35.5969
14137008300,14137,"麻生区No.83","片平富士塚","古墳","川崎市麻生区片平748ほか","古墳","片平-9",85,139.4799,35.59673
14137008400,14137,"麻生区No.84","","散布地","川崎市麻生区片平1556ほか","縄文　弥生　古墳　奈良　平安","五力田-10",80,139.4813,35.60019
14137008500,14137,"麻生区No.85","","散布地","川崎市麻生区栗木249ほか","縄文　平安","五力田-11",85,139.4772,35.60273
14137008600,14137,"麻生区No.86","栗木南IV遺跡","散布地","川崎市麻生区栗木227ほか","縄文　奈良　平安","五力田-9",85,139.4773,35.6003
14137008700,14137,"麻生区No.87","","散布地","川崎市麻生区栗木3-9ほか","縄文","栗木-1",85,139.472,35.60199
14137008800,14137,"麻生区No.88","","散布地","川崎市麻生区栗木3-2ほか","縄文","栗木-3",85,139.4705,35.60519
14137008900,14137,"麻生区No.89","","散布地","川崎市麻生区栗木2-5ほか","縄文","栗木-2",85,139.4702,35.60762
14137009000,14137,"麻生区No.90","栗木第一遺跡","集落跡","川崎市麻生区栗木台2-13ほか","縄文","黒川-8",84,139.4733,35.6112
14137009100,14137,"麻生区No.91","栗木III遺跡","集落跡","川崎市麻生区南黒川4ほか","縄文","黒川-10",84,139.4714,35.6125
14137009200,14137,"麻生区No.92","","散布地","川崎市麻生区南黒川5ほか","縄文　弥生","黒川-4",84,139.4723,35.61336
14137009300,14137,"麻生区No.93","栗木IV遺跡","散布地","川崎市麻生区黒川404ほか","縄文　弥生　古墳　奈良　平安","黒川-3",84,139.4733,35.61377
14137009400,14137,"麻生区No.94","黒川東第２遺跡","散布地","川崎市麻生区黒川459ほか","縄文","黒川-2",84,139.4745,35.61689
14137009500,14137,"麻生区No.95","黒川東遺跡","集落跡","川崎市麻生区黒川527ほか","縄文","黒川-1",84,139.4757,35.61747
14137009600,14137,"麻生区No.96","黒川地区遺跡群宮添遺跡","集落跡","川崎市麻生区黒川692ほか","縄文","黒川-5",84,139.4703,35.61709
14137009700,14137,"麻生区No.97","黒川地区遺跡群宮添遺跡","集落跡","川崎市麻生区黒川92ほか","縄文","黒川-9",84,139.4687,35.61602
14137009800,14137,"麻生区No.98","黒川地区遺跡群谷ツ遺跡","集落跡","川崎市麻生区黒川710ほか","縄文　弥生","黒川-6",84,139.4681,35.61763
14137009900,14137,"麻生区No.99","黒川台東遺跡・黒川地区遺跡群No.５遺跡","集落跡","川崎市麻生区黒川1041ほか","縄文","黒川-11",84,139.4655,35.6185
14137010000,14137,"麻生区No.100","黒川台西遺跡・黒川地区遺跡群No.16遺跡","集落跡","川崎市麻生区黒川1073ほか","縄文","黒川-12",84,139.4635,35.61885
14137010100,14137,"麻生区No.101","黒川地区遺跡群No.３遺跡","集落跡","川崎市麻生区黒川936ほか","縄文","黒川-13",83,139.4638,35.62245
14137010200,14137,"麻生区No.102","黒川海道遺跡","散布地","川崎市麻生区黒川1444ほか","縄文","黒川-7",88,139.4554,35.617
14137010300,14137,"麻生区No.103","","散布地","川崎市麻生区黒川1649ほか","縄文　弥生　古墳　奈良　平安","多摩-1",88,139.453,35.61764
14137010400,14137,"麻生区No.104","","散布地","川崎市麻生区黒川2046ほか","縄文　弥生","別所-1",89,139.454,35.60594
14137010500,14137,"麻生区No.105","","散布地 横穴墓","川崎市麻生区岡上526ほか","縄文　弥生　古墳　奈良　平安","栗ヶ谷戸-1",87,139.4766,35.57985
14137010600,14137,"麻生区No.106","","散布地","川崎市麻生区岡上593ほか","奈良　平安","岡上-8",87,139.4785,35.5789
14137010700,14137,"麻生区No.107","","散布地","川崎市麻生区岡上585ほか","奈良　平安","岡上-9",87,139.4788,35.57818
14137010800,14137,"麻生区No.108","","散布地","川崎市麻生区岡上540","縄文　弥生　古墳　奈良　平安","栗ヶ谷戸-2",87,139.4767,35.57785
14137010900,14137,"麻生区No.109","","散布地","川崎市麻生区岡上621ほか","弥生　古墳　奈良　平安","岡上-7",87,139.4799,35.57888
14137011000,14137,"麻生区No.110","岡上丸山遺跡","散布地","川崎市麻生区岡上675-1ほか","縄文　弥生　古墳　奈良　平安","岡上-6",82,139.4829,35.57904
14137011100,14137,"麻生区No.111","","散布地","川崎市麻生区岡上184ほか","縄文　弥生　古墳　奈良　平安","岡上-3",81,139.4871,35.58173
14137011200,14137,"麻生区No.112","","散布地","川崎市麻生区岡上137ほか","縄文　弥生　古墳　奈良　平安","岡上-1・2",81,139.4882,35.58145
14137011300,14137,"麻生区No.113","","散布地","川崎市麻生区岡上219ほか","縄文　弥生　古墳　奈良　平安","岡上-10",81,139.4859,35.58105
14137011400,14137,"麻生区No.114","岡上廃寺推定地、岡上栗畑遺跡","社寺跡 集落跡","川崎市麻生区岡上794","縄文　弥生　古墳　奈良　平安","岡上-4",82,139.4864,35.57898
14137011500,14137,"麻生区No.115","","散布地","川崎市麻生区岡上815","縄文　弥生　古墳　奈良　平安","岡上-5",82,139.4846,35.57673
14137011600,14137,"麻生区No.116","","散布地","川崎市麻生区岡上941","縄文","岡上-11",82,139.4821,35.57559
14137011700,14137,"麻生区No.117","","散布地","川崎市麻生区岡上972ほか","縄文　弥生　奈良　平安","岡上-12",82,139.4812,35.575
14137011800,14137,"麻生区No.118","","散布地","川崎市麻生区岡上1330ほか","縄文","岡上-13",87,139.4779,35.57176
14137011900,14137,"麻生区No.119","","散布地","川崎市麻生区岡上1331ほか","弥生　奈良　平安","栗ヶ谷戸-3",87,139.4761,35.5718
14137012000,14137,"麻生区No.120","麻生台横穴墓群","横穴墓","川崎市麻生区上麻生7-16","古墳","早野?23",81,139.5017,35.58291
14137012100,14137,"麻生区No.121","金程向原遺跡第１地点","集落跡 板碑","川崎市麻生区向原1-3ほか","縄文　奈良　平安","細山-23",79,139.5001,35.61564
14137012200,14137,"麻生区No.122","金程向原遺跡第２地点","集落跡","川崎市麻生区金程3-16ほか","縄文　奈良　平安","細山-24",79,139.4995,35.61377
14137012300,14137,"麻生区No.123","潮見台遺跡Ｆ・Ｇ地点","散布地","川崎市麻生区百合丘3-21ほか","縄文　奈良　平安","稗原-11",69,139.5186,35.60141
14137012400,14137,"麻生区No.124","五力田遺跡","集落跡","川崎市麻生区五カ田278ほか","奈良　平安","五力田-14",79,139.4867,35.60724
14137012500,14137,"麻生区No.125","五力田遺跡","集落跡","川崎市麻生区五カ田300ほか","奈良　平安","五力田-15",79,139.4847,35.60791
14137012600,14137,"麻生区No.126","王禅寺白山横穴募群","横穴墓","川崎市麻生区王禅寺1785","古墳","王禅寺-7",76,139.5081,35.58541
14137012700,14137,"麻生区No.127","王禅寺寺口横穴墓","横穴墓","川崎市麻生区王禅寺229ほか","古墳","早野-22",76,139.5148,35.57987
14137012800,14137,"麻生区No.128","王禅寺入口遺跡","散布地","川崎市麻生区王禅寺153ほか","奈良　平安","早野-26",77,139.512,35.57983
14137012900,14137,"麻生区No.129","仲村横穴古墳群１区","横穴墓","川崎市麻生区上麻生7-9","古墳","早野?24",81,139.5006,35.58265
14137013000,14137,"麻生区No.130","仲村横穴古墳群２区","横穴墓","川崎市麻生区上麻生259-1","古墳","早野?25",81,139.4998,35.58148
14137013100,14137,"麻生区No.131","黒川地区遺跡群No.10遺跡","集落跡","川崎市麻生区黒川104ほか","縄文","黒川-14",84,139.4699,35.61555
14137013200,14137,"麻生区No.132","","散布地","川崎市麻生区黒川867ほか","縄文","黒川-15",83,139.4647,35.62317
14137013300,14137,"麻生区No.133","黒川地区遺跡群No.9遺跡","集落跡","川崎市麻生区黒川1073ほか","縄文","黒川-16",84,139.4641,35.61828
14137013400,14137,"麻生区No.134","黒川地区遺跡群No.11遺跡","集落跡","川崎市麻生区黒川936ほか","縄文","黒川-17",84,139.4602,35.61636
14137013500,14137,"麻生区No.135","黒川丸山遺跡","集落跡","川崎市麻生区黒川1643ほか","縄文","多摩-2",88,139.4537,35.61727
14137013600,14137,"麻生区No.136","","散布地","川崎市麻生区早野765ほか","縄文","鴨志田-2",77,139.5175,35.5699
14137013700,14137,"麻生区No.137","黒川地区遺跡群No.13遺跡","集落跡","川崎市麻生区黒川1143ほか","縄文","黒川-18",83,139.4598,35.62096
14137013800,14137,"麻生区No.138","黒川地区遺跡群No.14遺跡","集落跡","川崎市麻生区黒川1141ほか","縄文","黒川-19",84,139.4601,35.62002
14137013900,14137,"麻生区No.139","黒川地区遺跡群No.15遺跡","集落跡","川崎市麻生区黒川989ほか","縄文","黒川-20",84,139.4619,35.61968
14137014000,14137,"麻生区No.140","黒川地区遺跡群No.17遺跡","集落跡","川崎市麻生区黒川1121ほか","縄文","黒川-21",84,139.4614,35.61869
14137014100,14137,"麻生区No.141","黒川地区遺跡群No.18遺跡","集落跡","川崎市麻生区黒川1155ほか","縄文","黒川-22",84,139.4597,35.61926
14137014200,14137,"麻生区No.142","黒川地区遺跡群No.20遺跡","集落跡","川崎市麻生区黒川1157ほか","縄文","黒川-23",84,139.459,35.61877
14137014300,14137,"麻生区No.143","黒川地区遺跡群No.23遺跡","散布地","川崎市麻生区黒川1236ほか","縄文","黒川-24",88,139.4566,35.61716
14137014400,14137,"麻生区No.144","黒川地区遺跡群No.24・25遺跡","集落跡","川崎市麻生区黒川1248ほか","縄文","黒川-25",84,139.4589,35.61676
14137014500,14137,"麻生区No.145","黒川地区遺跡群No.26遺跡","散布地","川崎市麻生区黒川1283ほか","縄文","黒川-26",84,139.4635,35.61729
14137014600,14137,"麻生区No.146","黒川地区遺跡群No.27遺跡","散布地","川崎市麻生区黒川1273ほか","縄文","黒川-27",84,139.4632,35.61565
14137014700,14137,"麻生区No.147","黒川地区遺跡群No.28遺跡","散布地","川崎市麻生区黒川1300ほか","縄文","黒川-28",84,139.4641,35.61491
14137014800,14137,"麻生区No.148","黒川地区遺跡群No.29遺跡","散布地","川崎市麻生区黒川726ほか","縄文","黒川-29",84,139.4662,35.61554
14137015000,14137,"麻生区No.150","金井原遺跡","集落跡","川崎市麻生区片平1600","縄文","五力田-16",85,139.4797,35.59833
14137015100,14137,"麻生区No.151","川崎市麻生区土地区画整理事業地内遺跡","集落跡","川崎市麻生区向原2-13ほか","縄文　古墳","後原-2",79,139.4969,35.61588
14137015200,14137,"麻生区No.152","王禅寺通やぐら遺跡","やぐら","川崎市麻生区王禅寺371","中世　近世","早野-27",76,139.5164,35.58179
14137015300,14137,"麻生区No.153","亀井横穴墓群","横穴墓","川崎市麻生区上麻生7-23","古墳","岡上-28",82,139.5019,35.57937
14137015400,14137,"麻生区No.154","花島横穴墓群","横穴墓","川崎市麻生区下麻生990","古墳","早野-29",76,139.5085,35.58041
14137015500,14137,"麻生区No.155","","その他の墓","川崎市麻生区岡上744-5","中世","岡上-14",82,139.4874,35.58007
14137015600,14137,"麻生区No.156","黒川地区遺跡群No.８遺跡","散布地","川崎市麻生区黒川859","縄文","黒川-30",83,139.4656,35.62349
14137015700,14137,"麻生区No.157","王禅寺東古墳","古墳","川崎市麻生区王禅寺東5-141付近","古墳","早野-30",76,139.5137,35.58104
14137015800,14137,"麻生区No.158","黒川明坪遺跡","散布地","川崎市麻生区黒川2120ほか","縄文　近世","別所-2",88,139.4515,35.61003
14137015900,14137,"麻生区No.159","","横穴墓","川崎市麻生区岡上1096","古墳",",82,139.4816,35.5775
14137016000,14137,"麻生区No.160","月讀神社境内遺跡","散布地","川崎市麻生区上麻生7-759ほか","縄文",",77,139.5049,35.5804
14137016100,14137,"麻生区No.161","東百合ヶ丘3丁目遺跡","散布地","川崎市宮前区潮見台24","縄文","稗原-5",70,139.5265,35.59385
14137016200,14137,"麻生区No.162","上麻生大ヶ谷戸横穴墓群","横穴墓","川崎市麻生区上麻生5-20付近","古墳",",81,139.4998,35.59194
