"JASID","自治体コード","遺跡番号","遺跡名","種類","所在地","時代","旧市番号","地図","経度","緯度","縄文"
14132000300,14132,"幸区No.3","加瀬台遺跡","集落跡","幸区南加瀬1-2ほか","縄文　弥生","夢見ヶ崎-2",37,139.6649776,35.55023613,1
14132000400,14132,"幸区No.4","加瀬台古墳群","古墳","幸区北加瀬1-30ほか","縄文　弥生　古墳　中世","夢見ヶ崎-1・6",37,139.6658874,35.54914674,1
14133000400,14133,"中原区No.4","","散布地","中原区井田2-4ほか","縄文　弥生　古墳","井田-1",42,139.646378,35.559574,1
14133000500,14133,"中原区No.5","","散布地","中原区井田2-27ほか","縄文　弥生","井田-3",42,139.6398777,35.56159399,1
14133000800,14133,"中原区No.8","井田西遺跡、井田中原遺跡","集落跡","中原区井田3-34ほか","縄文　弥生　古墳　奈良　平安　中世","井田-4",42,139.6378521,35.5606025,1
14133001000,14133,"中原区No.10","井田いりの上遺跡（神庭遺跡・東神庭遺跡）・井田伊勢台遺跡","集落跡","中原区井田3-13ほか","縄文　弥生　古墳","井田-8",42,139.6361184,35.56431702,1
14133001100,14133,"中原区No.11","井田中原遺跡","集落跡","中原区井田3-1485ほか　高津区蟹ヶ谷字池ノ里","縄文　弥生　古墳","井田-13",42,139.6344532,35.56205482,1
14134002100,14134,"高津区No.21","久地西前田耕地西遺跡","集落跡","高津区久地1-47","縄文　弥生","津田山-9",50,139.6020257,35.60748032,1
14134002300,14134,"高津区No.23","北の谷遺跡","集落跡","高津区下作延6-30","縄文　弥生","津田山-l4",50,139.597319,35.60952879,1
14134002400,14134,"高津区No.24","久地伊屋之免遺跡・久地伊屋之免古墳","集落跡 古墳","高津区久地4-18","縄文　弥生　古墳","津田山-15",50,139.591995,35.608223,1
14134002500,14134,"高津区No.25","緑ヶ丘霊園内遺跡・ビシャモン塚","集落跡 古墳","高津区上作延5-7","縄文　弥生　古墳　平安","津田山-16",56,139.5887808,35.60728778,1
14134002700,14134,"高津区No.27","","散布地","高津区下作延5-35","縄文","津田山-34",51,139.5944409,35.60727599,1
14134003100,14134,"高津区No.31","緑ヶ丘霊園内遺跡","集落跡","高津区上作延26-1","縄文　弥生　古墳","津田山-18",51,139.591476,35.604164,1
14134003700,14134,"高津区No.37","下作延巳ノ谷遺跡・下作延神明神社東南遺跡","集落跡","高津区下作延4-17","縄文　弥生　古墳　奈良　平安 中世","津田山-13",51,139.6034538,35.59948169,1
14134003900,14134,"高津区No.39","","散布地","高津区上作延722ほか","縄文　古墳　奈良　平安　中世","津田山-23",57,139.5875362,35.59823646,1
14134004100,14134,"高津区No.41","上作延南原遺跡","集落跡","高津区上作延796ほか","縄文　弥生　古墳　奈良　平安","宮崎-19",57,139.5894934,35.59682616,1
14134004300,14134,"高津区No.43","上作延南原遺跡","散布地","高津区上作延824ほか","縄文　弥生　古墳　奈良　平安","宮崎-18",57,139.5912615,35.59735657,1
14134004400,14134,"高津区No.44","向ヶ丘南原遺跡","散布地","高津区上作延904ほか","縄文","宮崎-12",51,139.593167,35.59593282,1
14134004500,14134,"高津区No.45","","散布地","高津区向ヶ丘129ほか","縄文","宮崎-25",52,139.5939309,35.59318644,1
14134004600,14134,"高津区No.46","","散布地","高津区下作延3-27","縄文","宮崎-16",52,139.595214,35.59144154,1
14134004700,14134,"高津区No.47","上作延神明社脇遺跡","散布地","高津区向ヶ丘28ほか","縄文　弥生","宮崎-14",52,139.5959694,35.59359125,1
14134004800,14134,"高津区No.48","上作延南原東遺跡","集落跡","高津区上作延1066ほか","縄文　奈良　平安","宮崎-13",51,139.5966903,35.59572693,1
14134004900,14134,"高津区No.49","上作延神明社脇遺跡","散布地","高津区下作延1118ほか","縄文　奈良　平安","宮崎-8",51,139.5990078,35.5956013,1
14134005100,14134,"高津区No.51","下作延巳ノ谷遺跡・上作延南谷一遺跡","集落跡","高津区下作延4-51","縄文　弥生　古墳　奈良　平安","宮崎-7",51,139.6028573,35.59716465,1
14134005200,14134,"高津区No.52","久保台遺跡","集落跡","高津区末長1-6","縄文　弥生　古墳　奈良　平安","宮崎-1",51,139.606136,35.59564318,1
14134005300,14134,"高津区No.53","","散布地","高津区末長1-49","縄文　弥生","宮崎-2",52,139.6044022,35.59381459,1
14134005400,14134,"高津区No.54","久本桃之園遺跡・久本梅之園遺跡","集落跡","高津区久本1-12","縄文　弥生　奈良　平安","末長-2",51,139.6097623,35.59646673,1
14134005700,14134,"高津区No.57","末長久保台北遺跡","集落跡 貝塚","高津区末長1-1","縄文　弥生　古墳　奈良　平安","末長-5",51,139.6108944,35.59494888,1
14134005800,14134,"高津区No.58","末長久保台遺跡","集落跡","高津区末長2-1","縄文　弥生　平安","宮崎-6",52,139.6109717,35.59320751,1
14134006000,14134,"高津区No.60","末長富士見台遺跡","集落跡","高津区末長2-4","縄文　奈良　平安","末長-7",48,139.6127183,35.59210376,1
14134006600,14134,"高津区No.66","末長向台遺跡","集落跡","高津区末長1-41","縄文　古墳　奈良　平安","宮崎-5",52,139.6068376,35.59047908,1
14134006900,14134,"高津区No.69","大原遺跡・新作小高台遺跡","集落跡","高津区新作1-9","縄文　古墳　奈良　平安","末長-9",52,139.6106806,35.5874692,1
14134007200,14134,"高津区No.72","新作小高台遺跡","集落跡","高津区新作1-11","縄文　弥生　奈良　平安","末長-11",52,139.612457,35.586475,1
14134007300,14134,"高津区No.73","新作池ノ谷遺跡","集落跡","高津区新作1-19","縄文　弥生　奈良　平安","末長-14",52,139.6103545,35.58495636,1
14134007400,14134,"高津区No.74","","散布地","高津区梶ヶ谷5-11","縄文　弥生　古墳　奈良　平安","馬絹-1",52,139.6079856,35.58330901,1
14134007500,14134,"高津区No.75","","集落跡","高津区新作2-3ほか","縄文　弥生　古墳　奈良　平安","千年-13",48,139.612686,35.583229,1
14134007600,14134,"高津区No.76","井田中原追跡","集落跡 その他の墓","高津区蟹ヶ谷字池ノ里ほか","縄文　弥生　古墳","井田-13",49,139.633698,35.562927,1
14134007700,14134,"高津区No.77","新作二丁目遺跡","集落跡","高津区新作2-15ほか","縄文　弥生　古墳　奈良　平安","千年-14",48,139.614258,35.582893,1
14134007900,14134,"高津区No.79","新作貝塚・新作八幡台遺跡・（仏手塚）","集落跡  貝塚","高津区新作3-13ほか","縄文　弥生","末長-12",48,139.616745,35.586159,1
14134008300,14134,"高津区No.83","千年-８遺跡","集落跡","高津区千年1177ほ","縄文　弥生　古墳　奈良　平安","千年-8",48,139.6188345,35.58168461,1
14134008500,14134,"高津区No.85","野川南耕地遺跡","集落跡","川崎市高津区東野川2-15","縄文　弥生　古墳　奈良　平安","久末-8",49,139.6148247,35.56916316,1
14134008600,14134,"高津区No.86","","散布地","高津区久末465ほか","縄文　弥生","久末-7",49,139.6182428,35.56119925,1
14134008700,14134,"高津区No.87","","散布地","高津区久末504ほか","縄文","久末-6",49,139.6201139,35.56258871,1
14134008800,14134,"高津区No.88","","散布地","高津区久末1508ほか","縄文","久末-3",49,139.622028,35.56290989,1
14134008900,14134,"高津区No.89","","散布地","高津区久末1580ほか","縄文　弥生","久末-2",49,139.6252512,35.5629639,1
14134009000,14134,"高津区No.90","","散布地","高津区久末1671ほか","縄文　弥生","久末-1",49,139.62504,35.564891,1
14134009100,14134,"高津区No.91","久末伊勢原遺跡","散布地","高津区久末671ほか","縄文　弥生","久末-5",49,139.619659,35.567467,1
14134009200,14134,"高津区No.92","久末谷遺跡","集落跡","高津区久末1229ほか","縄文　弥生","久末-4",49,139.6201872,35.5701831,1
14134009500,14134,"高津区No.95","千年蟻山遺跡・伊勢山台北遺跡・千年伊勢山台遺跡・伊勢山台東遺跡・影向寺南遺跡","官衙跡 集落跡","高津区千年520ほか","縄文　弥生　古墳　奈良　平安 中世","千年-5",49,139.6224222,35.57739323,1
14134009600,14134,"高津区No.96","下原宿遺跡","散布地","高津区千年300","縄文　弥生　古墳　奈良　平安","千年-6",49,139.6242998,35.57575445,1
14134009900,14134,"高津区No.99","子母口植之台遺跡","集落跡","高津区子母口113ほか","縄文　古墳　奈良　平安　中世","千年-23",49,139.6255529,35.57389748,1
14134010000,14134,"高津区No.100","子母口植之台遺跡・蓮乗院北遺跡","集落跡","高津区子母口135ほか","縄文　弥生　古墳　中世　近世","千年-1",49,139.6261709,35.57233368,1
14134010100,14134,"高津区No.101","子母口貝塚・子母口根方遺跡","集落跡","高津区子母口240ほか","縄文　弥生　古墳　奈良　平安","千年-2",49,139.6283484,35.57222184,1
14134010500,14134,"高津区No.105","","散布地","高津区蟹ヶ谷97","縄文　弥生","井田-7",42,139.6356005,35.56562045,1
14134010600,14134,"高津区No.106","末長久保台南遺跡","集落跡","高津区末長1-18","縄文　弥生　古墳　奈良　平安","宮崎-3",52,139.608902,35.594135,1
14134011100,14134,"高津区No.111","","散布地","高津区久末308ほか","縄文","久末-12",49,139.6129557,35.5619254,1
14134011400,14134,"高津区No.114","末長久保台古墳群","古墳","高津区末長2-25","縄文　古墳","末長-17",52,139.6115231,35.5931533,1
14134012400,14134,"高津区No.124","","散布地","高津区千年1123","縄文　古墳　奈良　平安","末長-21",48,139.6211862,35.58065149,1
14134012500,14134,"高津区No.125","","古墳","高津区梶ヶ谷5-10","縄文　古墳　奈良　平安","千年-31",52,139.606628,35.584248,1
14134013400,14134,"高津区No.134","","狩場","高津区久末496ほか","縄文","久末-16",49,139.6179768,35.56418063,1
14134014200,14134,"高津区No.142","","散布地","高津区宮崎6-3","縄文","宮崎-40",52,139.592177,35.59340514,1
14134014700,14134,"高津区No.147","影向寺台西遺跡・三荷座前遺跡","集落跡","宮前区野川本町1-38","縄文　弥生　奈良　平安　中世","千年-10",48,139.606949,35.578056,1
14134014800,14134,"高津区No.148","影向寺遺跡・影向寺裏貝塚・影向寺台遺跡・影向寺北遺跡","社寺跡 集落跡 貝塚","宮前区野川本町3-4","縄文　弥生　古墳　奈良　平安 中世","千年-11",49,139.6182874,35.57945191,1
14134014900,14134,"高津区No.149","","散布地","高津区向ヶ丘167ほか","縄文　弥生","宮崎-20",57,139.5896308,35.59552802,1
14134015000,14134,"高津区No.150","","散布地","宮前区宮崎3-3-22ほか","縄文　古墳　奈良　平安","宮崎-15",52,139.5934631,35.59211159,1
14134015100,14134,"高津区No.151","蟹ヶ谷四方之嶺遺跡","狩場 集落跡","高津区蟹ヶ谷字四方之嶺220付近","縄文　弥生　古墳",",49,139.6312,35.56644,1
14136000200,14136,"宮前区No.2","野川北耕地遺跡","集落跡","川崎市宮前区野川本町1-29","縄文　弥生　古墳　奈良　平安","千年-15",48,139.6146,35.58021,1
14136000400,14136,"宮前区No.4","影向寺台西遺跡・三荷座前遺跡","集落跡","川崎市宮前区野川本町1-38","縄文　弥生　奈良　平安　中世","千年-10",48,139.6166,35.57913,1
14136000500,14136,"宮前区No.5","影向寺遺跡・影向寺裏貝塚・影向寺台遺跡・影向寺北遺跡","社寺跡 集落跡 貝塚","川崎市宮前区野川本町3-4","縄文　弥生　古墳　奈良　平安　中世","千年-11",49,139.6188,35.5786,1
14136000600,14136,"宮前区No.6","野川神明社境内遺跡","集落跡","川崎市宮前区野川本町3-10","縄文　弥生　古墳　奈良　平安","千年-12",48,139.6185,35.57596,1
14136000700,14136,"宮前区No.7","野川東耕地遺跡","集落跡","川崎市宮前区野川野川本町2-20","縄文　弥生　古墳　奈良　平安","千年-18",53,139.6151,35.57469,1
14136000900,14136,"宮前区No.9","十三菩提遺跡","集落跡 その他の墓","川崎市宮前区野川2345ほか","縄文　弥生　古墳","久末-9",53,139.61,35.56916,1
14136001000,14136,"宮前区No.10","十三菩提西遺跡","集落跡","川崎市宮前区野川2290ほか","縄文　弥生　古墳　奈良　平安","野川-1",54,139.6073,35.56762,1
14136001100,14136,"宮前区No.11","","散布地","川崎市宮前区西野川3-13","縄文　弥生　古墳　奈良　平安","野川-2",53,139.6058,35.5693,1
14136001200,14136,"宮前区No.12","","散布地","川崎市宮前区西野川3-12","縄文　弥生　古墳　奈良　平安","野川-3",53,139.6028,35.569,1
14136001700,14136,"宮前区No.17","東有馬遺跡","散布地","川崎市宮前区東有馬5-14ほか","縄文　奈良　平安","野川-6",53,139.5933,35.56791,1
14136001900,14136,"宮前区No.19","","散布地 その他の墓","川崎市宮前区梶ヶ谷1117ほか","縄文　奈良　平安","馬絹-2",53,139.605,35.57899,1
14136002100,14136,"宮前区No.21","野川中耕地遺跡","散布地","川崎市宮前区西野川2-14","縄文　奈良　平安","馬絹-3",53,139.6081,35.57414,1
14136002200,14136,"宮前区No.22","","散布地","川崎市宮前区野川3119ほか","縄文　弥生　古墳　奈良　平安","馬絹-18",53,139.6026,35.57518,1
14136002300,14136,"宮前区No.23","","散布地","川崎市宮前区西野川3-8","縄文　弥生　古墳　奈良　平安","馬絹-8",53,139.6034,35.57304,1
14136002500,14136,"宮前区No.25","","散布地","川崎市宮前区西野川3-3","縄文","馬絹-9",53,139.6014,35.57149,1
14136002600,14136,"宮前区No.26","野川西耕地遺跡","集落跡 その他の墓","川崎市宮前区野川2935ほか","縄文　奈良　平安","馬絹-11",53,139.5988,35.57326,1
14136002700,14136,"宮前区No.27","","散布地","川崎市宮前区宮崎3-3-22ほか","縄文　古墳　奈良　平安","宮崎-15",52,139.5879,35.58863,1
14136002900,14136,"宮前区No.29","","散布地","川崎市宮前区宮崎85","縄文　弥生","宮崎-11",52,139.6003,35.58554,1
14136003100,14136,"宮前区No.31","馬絹神社北遺跡","集落跡","川崎市宮前区馬絹5-23","縄文","馬絹-5",52,139.6014,35.58381,1
14136003400,14136,"宮前区No.34","","散布地","川崎市宮前区宮崎1-5ほか","縄文","宮崎-26",52,139.5931,35.58605,1
14136003600,14136,"宮前区No.36","","散布地","川崎市宮前区宮崎1-10ほか","縄文　弥生　古墳　奈良　平安","宮崎-33",52,139.5918,35.58506,1
14136003700,14136,"宮前区No.37","","散布地","川崎市宮前区馬絹2-9","縄文　奈良　平安","馬絹-13",52,139.5921,35.5815,1
14136003900,14136,"宮前区No.39","小台遺跡","集落跡","川崎市宮前区小台2-10","縄文　古墳","有馬-6",58,139.5841,35.58272,1
14136004000,14136,"宮前区No.40","","散布地","川崎市宮前区馬絹1-35","縄文","馬絹-22",59,139.5883,35.58003,1
14136004100,14136,"宮前区No.41","","散布地","川崎市宮前区西野川1-2","縄文","馬絹-10",53,139.5965,35.57692,1
14136004200,14136,"宮前区No.42","","散布地","川崎市宮前区東有馬2-12","縄文","馬絹-21",53,139.5947,35.57675,1
14136004500,14136,"宮前区No.45","東有馬一丁目遺跡・骨蔵器","集落跡 その他の墓","川崎市宮前区有馬3-4ほか","縄文　弥生　古墳　奈良　平安","馬絹-23",59,139.588,35.57774,1
14136004600,14136,"宮前区No.46","","散布地","川崎市宮前区東有馬2-36ほか","縄文　平安","馬絹-12",53,139.5939,35.57323,1
14136004700,14136,"宮前区No.47","","散布地","川崎市宮前区東有馬2-32","縄文　奈良　平安","馬絹-15",53,139.5926,35.57439,1
14136004800,14136,"宮前区No.48","骨蔵器","散布地 その他の墓","川崎市宮前区東有馬3-9ほか","縄文　奈良　平安","馬絹-16",53,139.5902,35.5733,1
14136005000,14136,"宮前区No.50","","散布地","川崎市宮前区有馬3-18ほか","縄文","有馬-1",59,139.5867,35.57567,1
14136005100,14136,"宮前区No.51","有馬遺跡群","集落跡","川崎市宮前区有馬4-4ほか","縄文","有馬-8",59,139.5807,35.57629,1
14136005200,14136,"宮前区No.52","","散布地","川崎市宮前区有馬4-3ほか","縄文","有馬-3",59,139.5799,35.57587,1
14136005300,14136,"宮前区No.53","","散布地","川崎市宮前区有馬5-11ほか","縄文","有馬-9",59,139.5827,35.57327,1
14136005400,14136,"宮前区No.54","","散布地","川崎市宮前区有馬5-4ほか","縄文","有馬-4",59,139.58,35.57419,1
14136005600,14136,"宮前区No.56","","散布地","川崎市宮前区有馬7-7","縄文","有馬-15",59,139.5769,35.5713,1
14136005800,14136,"宮前区No.58","","散布地","川崎市宮前区有馬9-15ほか","縄文　奈良","有馬-5",59,139.5737,35.57098,1
14136006000,14136,"宮前区No.60","","散布地","川崎市宮前区有馬8-15","縄文","有馬-17",59,139.5728,35.57373,1
14136006100,14136,"宮前区No.61","","散布地","川崎市宮前区有馬9-2ほか","縄文","有馬-24",59,139.57,35.57237,1
14136006200,14136,"宮前区No.62","","集落跡","川崎市宮前区小台1-6ほか","縄文","有馬-11",58,139.579,35.58164,1
14136006300,14136,"宮前区No.63","","散布地","川崎市宮前区小台1-10","縄文　弥生　古墳　奈良　平安","有馬-2",59,139.5792,35.58004,1
14136006400,14136,"宮前区No.64","","散布地","川崎市宮前区小台1-15ほか","縄文","有馬-12",59,139.577,35.57982,1
14136006600,14136,"宮前区No.66","","散布地","川崎市宮前区有馬1-1","縄文　平安","有馬-16",59,139.5761,35.57843,1
14136006800,14136,"宮前区No.68","","散布地","川崎市宮前区有馬4-1ほか","縄文","有馬-13",59,139.5771,35.57599,1
14136006900,14136,"宮前区No.69","鷺沼南遺跡","散布地","川崎市宮前区鷺沼2-1","縄文","有馬-23",59,139.5689,35.57672,1
14136007000,14136,"宮前区No.70","","散布地","川崎市宮前区鷺沼3-10ほか","縄文","有馬-22",59,139.5691,35.57962,1
14136007100,14136,"宮前区No.71","","散布地","川崎市宮前区鷺沼4-3ほか","縄文","有馬-21",58,139.5693,35.58137,1
14136007300,14136,"宮前区No.73","土橋遺跡","集落跡","川崎市宮前区土橋2-4ほか","縄文","土橋-9",58,139.5764,35.58411,1
14136007400,14136,"宮前区No.74","第六天遺跡","集落跡","川崎市宮前区土橋2-14ほか","縄文","土橋-8",58,139.5734,35.58567,1
14136007500,14136,"宮前区No.75","東高根遺跡","集落跡","川崎市宮前区神木本町2-10","縄文　弥生　古墳　奈良　平安","五所塚-3",57,139.5864,35.60489,1
14136007600,14136,"宮前区No.76","東高根遺跡","散布地","川崎市宮前区神木本町2丁目","縄文　奈良　平安","五所塚-4",57,139.5853,35.60342,1
14136007900,14136,"宮前区No.79","長尾鯉坂遺跡","集落跡","川崎市宮前区神木本町1-28ほ","縄文","五所塚-5",57,139.5827,35.60515,1
14136008000,14136,"宮前区No.80","長尾権現台遺跡・五所塚","集落跡","川崎市宮前区五所塚1-1-1ほか","縄文","五所塚-19",57,139.5769,35.60614,1
14136008100,14136,"宮前区No.81","","散布地","川崎市宮前区五所塚1-6ほか","縄文　奈良　平安","五所塚-35",57,139.5759,35.60579,1
14136008200,14136,"宮前区No.82","","散布地","川崎市宮前区平1-14","縄文","五所塚-36",57,139.577,35.6028,1
14136008300,14136,"宮前区No.83","東泉寺上遺跡","集落跡","川崎市宮前区平1-11","縄文　弥生　古墳　奈良　平安","五所塚-22",57,139.5786,35.60243,1
14136008400,14136,"宮前区No.84","","散布地","川崎市宮前区平1-10-39","縄文　古墳　奈良　平安","五所塚-23",57,139.5794,35.60205,1
14136008700,14136,"宮前区No.87","","散布地","川崎市宮前区平2-23","縄文　弥生","五所塚-37",57,139.5723,35.60292,1
14136008800,14136,"宮前区No.88","","散布地","川崎市宮前区平2-15ほか","縄文　奈良　平安","五所塚-39",57,139.5743,35.60205,1
14136008900,14136,"宮前区No.89","風久保遺跡・風久保西遺跡","集落跡 墓地","川崎市宮前区平2-12","縄文　弥生　平安","五所塚-27",57,139.5745,35.60111,1
14136009000,14136,"宮前区No.90","野川北耕地西遺跡","集落跡","川崎市宮前区野川本町1-14","縄文　弥生　古墳","千年-18",53,139.6127,35.58008,1
14136009200,14136,"宮前区No.92","","散布地","川崎市宮前区平2-7","縄文　奈良　平安","五所塚-33",57,139.5703,35.60129,1
14136009300,14136,"宮前区No.93","","散布地","川崎市宮前区初山1-3","縄文　奈良　平安","五所塚-32",63,139.5669,35.60157,1
14136009400,14136,"宮前区No.94","","散布地","川崎市宮前区初山1-4","縄文","五所塚-31",63,139.5655,35.60268,1
14136009500,14136,"宮前区No.95","","散布地","川崎市宮前区初山2-7","縄文　奈良　平安","五所塚-34",63,139.5668,35.59768,1
14136009600,14136,"宮前区No.96","初山遺跡","集落跡","川崎市宮前区白幡台2-2ほか","縄文","土橋-28",63,139.5673,35.59549,1
14136009700,14136,"宮前区No.97","","散布地","川崎市宮前区南平台21ほか","縄文","土橋-5",57,139.5702,35.59598,1
14136009800,14136,"宮前区No.98","平遺跡","集落跡","川崎市宮前区神木本町5-12ほか","縄文　弥生","五所塚-38",57,139.5798,35.59966,1
14136010000,14136,"宮前区No.100","","散布地","川崎市宮前区神木本町48ほか","縄文　奈良　平安","五所塚-9",57,139.5836,35.59884,1
14136010100,14136,"宮前区No.101","","散布地","川崎市宮前区神木本町3-4","縄文　弥生","五所塚-8",57,139.5847,35.59937,1
14136010200,14136,"宮前区No.102","","散布地","川崎市宮前区神木本町4-18","縄文　弥生　古墳　奈良　平安","五所塚-11",57,139.5851,35.5973,1
14136010300,14136,"宮前区No.103","","散布地","高津区向ヶ丘167ほか","縄文　弥生","宮崎-20",57,139.5884,35.59536,1
14136010400,14136,"宮前区No.104","","散布地","川崎市宮前区神木2-16ほか","縄文","土橋-10",57,139.586,35.59506,1
14136010500,14136,"宮前区No.105","","散布地","川崎市宮前区神木2-11ほか","縄文","土橋-1",57,139.584,35.5958,1
14136010600,14136,"宮前区No.106","","散布地","川崎市宮前区神木2-9","縄文　弥生　古墳　奈良　平安","土橋-2",57,139.5818,35.59532,1
14136010700,14136,"宮前区No.107","","散布地","川崎市宮前区神木本町4-3-4ほか","縄文　弥生　古墳　奈良　平安","五所塚-10",57,139.5819,35.59786,1
14136010800,14136,"宮前区No.108","","散布地","川崎市宮前区平6-1ほか","縄文　奈良　平安","五所塚-25",57,139.579,35.59845,1
14136010900,14136,"宮前区No.109","","散布地","川崎市宮前区平6-8ほか","縄文　弥生　古墳　奈良　平安","土橋-18",57,139.5772,35.59646,1
14136011000,14136,"宮前区No.110","南平遺跡","集落跡","川崎市宮前区平6-5ほか","縄文","土橋-19",57,139.5799,35.59523,1
14136011100,14136,"宮前区No.111","","散布地","川崎市宮前区けやき平6-6ほか","縄文","土橋-20",57,139.5788,35.59365,1
14136011200,14136,"宮前区No.112","","散布地 その他の墓","川崎市宮前区宮崎6-5","縄文　弥生　平安","土橋-23",58,139.5799,35.5921,1
14136011300,14136,"宮前区No.113","大野遺跡","集落跡","川崎市宮前区宮崎6-2","縄文","土橋-22",58,139.5811,35.59257,1
14136011400,14136,"宮前区No.114","","散布地","川崎市宮前区神木1-6ほか","縄文","土橋-11",58,139.5823,35.59315,1
14136011600,14136,"宮前区No.116","","散布地 その他の墓","川崎市宮前区宮崎6-4-6ほか","縄文　平安","土橋-12",58,139.5847,35.5931,1
14136011700,14136,"宮前区No.117","","散布地","川崎市宮前区宮崎4-1ほか","縄文　弥生　古墳　奈良　平安","土橋-3",58,139.5863,35.59327,1
14136011800,14136,"宮前区No.118","","散布地","川崎市宮前区宮崎6-2","縄文","土橋-14",58,139.5842,35.59185,1
14136012100,14136,"宮前区No.121","","散布地","川崎市宮前区宮崎3-18","縄文","宮崎-28",58,139.59,35.59188,1
14136012200,14136,"宮前区No.122","","散布地","川崎市宮前区宮崎2-6-1ほか","縄文","宮崎-31",58,139.5902,35.58874,1
14136012300,14136,"宮前区No.123","","散布地","川崎市宮前区宮崎3-3-18ほか","縄文　弥生","宮崎-32",58,139.5929,35.5922,1
14136012400,14136,"宮前区No.124","","散布地","川崎市宮前区宮前平3-14ほか","縄文","土橋-15",58,139.5852,35.58917,1
14136012500,14136,"宮前区No.125","","散布地","川崎市宮前区宮前平3-12ほか","縄文","土橋-16",58,139.5841,35.58764,1
14136012600,14136,"宮前区No.126","","散布地","川崎市宮前区宮前平2-1ほか","縄文","土橋-17",58,139.584,35.58565,1
14136012700,14136,"宮前区No.127","土橋-４遺跡","散布地","川崎市宮前区宮前平2-12ほか","縄文　古墳　奈良　平安","土橋-4",58,139.5828,35.58765,1
14136012800,14136,"宮前区No.128","","散布地","川崎市宮前区宮前平2-20ほか","縄文","土橋-25",58,139.5809,35.58934,1
14136012900,14136,"宮前区No.129","","散布地","川崎市宮前区宮前平2-20ほか","縄文","土橋-26",58,139.5786,35.5889,1
14136013000,14136,"宮前区No.130","","散布地","川崎市宮前区土橋7-5ほか","縄文","土橋-24",58,139.5767,35.59065,1
14136013100,14136,"宮前区No.131","土橋№６遺跡","散布地","川崎市宮前区土橋7-18","縄文","土橋-6",58,139.5747,35.59204,1
14136013200,14136,"宮前区No.132","","散布地","川崎市宮前区けやき平1","縄文","土橋-21",58,139.5765,35.59328,1
14136013300,14136,"宮前区No.133","","散布地","川崎市宮前区けやき平10ほか","縄文","土橋-7",58,139.5735,35.59351,1
14136013500,14136,"宮前区No.135","","散布地","川崎市宮前区南平台10","縄文","土橋-29",64,139.5663,35.59254,1
14136013700,14136,"宮前区No.137","","散布地","川崎市宮前区犬蔵1-12","縄文","蔵敷-1",64,139.5634,35.58978,1
14136013800,14136,"宮前区No.138","","散布地","川崎市宮前区犬蔵1-13","縄文","蔵敷-2",64,139.5615,35.58926,1
14136013900,14136,"宮前区No.139","","散布地","川崎市宮前区犬蔵1-10ほか","縄文","蔵敷-3",64,139.565,35.58847,1
14136014000,14136,"宮前区No.140","","散布地","川崎市宮前区犬蔵2-16","縄文　弥生　古墳　奈良　平安","蔵敷-5",64,139.5629,35.58685,1
14136014100,14136,"宮前区No.141","","集落跡","川崎市宮前区犬蔵2-13ほか","縄文　弥生","蔵敷-8",64,139.5634,35.58552,1
14136014200,14136,"宮前区No.142","","散布地","川崎市宮前区犬蔵2-33ほか","縄文　奈良　平安","元石川-l",64,139.563,35.58245,1
14136014300,14136,"宮前区No.143","","散布地","川崎市宮前区犬蔵2-20ほか","縄文","蔵敷-4",64,139.5614,35.58731,1
14136014400,14136,"宮前区No.144","","散布地","川崎市宮前区犬蔵2-27ほか","縄文","蔵敷-7",64,139.5613,35.58626,1
14136014500,14136,"宮前区No.145","","散布地","川崎市宮前区犬蔵2-22ほか","縄文　弥生　古墳","蔵敷-6",64,139.5598,35.58681,1
14136014600,14136,"宮前区No.146","向ヶ丘南菅生地内遺跡","集落跡","川崎市宮前区犬蔵2-28ほか","縄文","蔵敷-9",64,139.5584,35.58625,1
14136014700,14136,"宮前区No.147","","散布地","川崎市宮前区菅生1-33ほか","縄文　奈良　平安","生田緑地-7",63,139.5554,35.59985,1
14136014800,14136,"宮前区No.148","","散布地","川崎市宮前区菅生1-36","縄文　奈良　平安","生田緑地-5",63,139.5554,35.59985,1
14136014900,14136,"宮前区No.149","","散布地","川崎市宮前区菅生1-12","縄文　弥生　古墳　奈良　平安","生田緑地-4",63,139.5568,35.60137,1
14136015000,14136,"宮前区No.150","","散布地","川崎市宮前区菅生1-9","縄文　弥生　古墳　奈良　平安","生田緑地-6",63,139.5533,35.60074,1
14136015100,14136,"宮前区No.151","菅生遺跡","散布地","川崎市宮前区菅生2-10","縄文　奈良　平安","生田緑地-13",63,139.5528,35.59878,1
14136015200,14136,"宮前区No.152","","散布地","川崎市宮前区菅生2-16ほか","縄文","生田緑地-12",63,139.5471,35.59956,1
14136015400,14136,"宮前区No.154","","散布地 その他の墓","川崎市宮前区菅生2-6ほか","縄文　平安","生田緑地-10",63,139.5538,35.59687,1
14136015600,14136,"宮前区No.156","","散布地","川崎市宮前区菅生1-3ほか","縄文","生田緑地-8",63,139.5554,35.5975,1
14136015700,14136,"宮前区No.157","","散布地","川崎市宮前区菅生3-21ほか","縄文","蔵敷-17",63,139.5492,35.59544,1
14136015800,14136,"宮前区No.158","","散布地","川崎市宮前区菅生3-17ほか","縄文","蔵敷-18",63,139.5504,35.59541,1
14136015900,14136,"宮前区No.159","","散布地","川崎市宮前区菅生4-5ほか","縄文　奈良　平安","蔵敷-18",64,139.5535,35.59213,1
14136016000,14136,"宮前区No.160","菅生カエンヅカ遺跡","集落跡","川崎市宮前区菅生5-23ほか","縄文","蔵敷-15",64,139.5548,35.5915,1
14136016100,14136,"宮前区No.161","菅生水沢遺跡Ｃ地点","集落跡","川崎市宮前区水沢1-1","縄文","蔵敷-12",64,139.5526,35.59126,1
14136016200,14136,"宮前区No.162","菅生水沢遺跡Ｂ地点","集落跡","川崎市宮前区水沢1-1","縄文　古墳","蔵敷-11",64,139.5501,35.59098,1
14136016300,14136,"宮前区No.163","","散布地","川崎市宮前区水沢1-2ほか","縄文　弥生　古墳　奈良　平安","蔵敷-14",64,139.5475,35.58964,1
14136016600,14136,"宮前区No.166","菅生水沢遺跡Ｄ地点・Ｆ地点","集落跡","川崎市宮前区水沢1-1","縄文　弥生　古墳　奈良　平安","蔵敷-13",64,139.5469,35.59226,1
14136016700,14136,"宮前区No.167","","散布地","川崎市宮前区水沢2-9","縄文　奈良　平安","稗原-10",70,139.5422,35.59244,1
14136016800,14136,"宮前区No.168","鷲ヶ峰遺跡","散布地","川崎市宮前区菅生ケ丘38ほか","縄文","長沢-1",69,139.5411,35.59807,1
14136017000,14136,"宮前区No.170","潮見台遺跡Ａ地点","散布地 その他の墓","川崎市宮前区潮見台3-8ほか","縄文　平安","稗原-6",69,139.5362,35.59537,1
14136017100,14136,"宮前区No.171","潮見台遺跡Ｃ地点","散布地 その他の墓","川崎市宮前区潮見台2-38ほか","縄文　弥生　古墳　奈良　平安","稗原-3",69,139.5364,35.5946,1
14136017200,14136,"宮前区No.172","","散布値","川崎市宮前区潮見台18","縄文","稗原-4",70,139.5338,35.59209,1
14136017300,14136,"宮前区No.173","","散布地","川崎市宮前区潮見台4","縄文　奈良　平安","稗原-7",69,139.531,35.59544,1
14136017400,14136,"宮前区No.174","","散布地","川崎市宮前区潮見台7","縄文　奈良　平安","稗原-8",69,139.5291,35.59365,1
14136017500,14136,"宮前区No.175","","散布地","川崎市宮前区潮見台24","縄文","稗原-5",70,139.5273,35.59288,1
14136017600,14136,"宮前区No.176","野川東耕地北遺跡","散布地","川崎市宮前区野川本町2-8","縄文　古墳　奈良　平安","千年-24",48,139.6146,35.57685,1
14136017700,14136,"宮前区No.177","","散布地","川崎市宮前区有馬1-5","縄文　奈良　平安","有馬-26",59,139.5775,35.57821,1
14136017900,14136,"宮前区No.179","","散布地","川崎市宮前区野川本町2-7","縄文　古墳　奈良　平安","千年-28",48,139.6135,35.5768,1
14136018000,14136,"宮前区No.180","","散布地","川崎市宮前区西野川1-15","縄文　弥生　古墳　奈良　平安","馬絹-7",53,139.601,35.57612,1
14136018100,14136,"宮前区No.181","","散布地","川崎市宮前区野川3004","縄文","馬絹-29",53,139.5972,35.57565,1
14136018200,14136,"宮前区No.182","野川西耕地遺跡","集落跡","川崎市宮前区野川3013","縄文　古墳","馬絹-30",53,139.5991,35.57428,1
14136018700,14136,"宮前区No.187","","散布地","川崎市宮前区菅生2-12","縄文","生田緑地-16",63,139.553,35.59986,1
14136018800,14136,"宮前区No.188","","散布地","川崎市宮前区菅生1-10","縄文","生田緑地-17",63,139.5563,35.59959,1
14136018900,14136,"宮前区No.189","","散布地","川崎市宮前区菅生1-18","縄文　奈良　平安","生田緑地-18",63,139.554,35.60159,1
14136019100,14136,"宮前区No.191","","散布地","川崎市宮前区神木本町1-25ほか","縄文　奈良　平安","五所塚-21",57,139.5821,35.60428,1
14136019300,14136,"宮前区No.193","","散布地","高津区上作延722ほか","縄文　古墳　奈良　平安　中世","津田山-23",57,139.5865,35.5972,1
14136019600,14136,"宮前区No.196","小台西遺跡","散布地","川崎市宮前区小台1-3ほか","縄文","―",58,139.5798,35.58321,1
14136019700,14136,"宮前区No.197","梶ヶ谷金山西遺跡","狩場","川崎市宮前区梶ヶ谷金山1451付近","縄文","―",53,139.6018,35.57973,1
14136019800,14136,"宮前区No.198","","散布地","川崎市宮前区東有馬5-36","縄文","―",53,139.5965,35.56804,1
14135000100,14135,"多摩区No.1","","散布地","川崎市多摩区長尾7-8ほか","縄文","五所塚-1",56,139.5861,35.60812,1
14135000200,14135,"多摩区No.2","下原遺跡","集落跡","川崎市多摩区長尾7-12","縄文　弥生　古墳　奈良　平安","五所塚-2",56,139.5848,35.60665,1
14135000300,14135,"多摩区No.3","新林遺跡","集落跡","川崎市多摩区長尾7-29ほか","縄文　弥生　古墳　奈良　平安","五所塚-20",57,139.5808,35.60597,1
14135000400,14135,"多摩区No.4","長尾台遺跡・長尾台北遺跡","集落跡","川崎市多摩区長尾6-11","縄文　弥生　古墳　奈良　平安","五所塚-15",56,139.5806,35.60804,1
14135000800,14135,"多摩区No.8","","散布地","川崎市多摩区長尾3-10-2","縄文","五所塚-17",57,139.5767,35.60725,1
14135000900,14135,"多摩区No.9","","散布地","川崎市多摩区長尾3-10-1","縄文　弥生","五所塚-18",57,139.5769,35.60689,1
14135001000,14135,"多摩区No.10","","散布地","川崎市多摩区東生田4-8","縄文　奈良　平安","五所塚-29",63,139.5669,35.60405,1
14135001200,14135,"多摩区No.12","","散布地","川崎市多摩区東生田4-11ほか","縄文","五所塚-30",63,139.5659,35.60346,1
14135001300,14135,"多摩区No.13","","散布地","川崎市多摩区東生田4-16ほか","縄文　奈良　平安","生田緑地-2",63,139.5639,35.60508,1
14135001600,14135,"多摩区No.16","廣福寺南遺跡","散布地","川崎市多摩区枡形6-7-8","縄文　奈良　平安","登戸-3",62,139.5592,35.61383,1
14135001800,14135,"多摩区No.18","榎戸遺跡","散布地 横穴墓","川崎市多摩区枡形4-12","縄文　弥生　古墳　奈良　平安","登戸-4",62,139.5532,35.6175,1
14135001900,14135,"多摩区No.19","","散布地","川崎市多摩区枡形6-26","縄文　奈良　平安","生田緑地-1",62,139.5581,35.61171,1
14135002000,14135,"多摩区No.20","","散布地","川崎市多摩区枡形6-26ほか","縄文　奈良　平安","生田緑地-3",62,139.5579,35.61057,1
14135002100,14135,"多摩区No.21","神明山遺跡","散布地","川崎市多摩区三田5-l","縄文","生田緑地-11",63,139.5492,35.60535,1
14135002300,14135,"多摩区No.23","","散布地","川崎市多摩区南生田6-9ほか","縄文","長沢-8",69,139.5399,35.60277,1
14135002500,14135,"多摩区No.25","","散布地","川崎市多摩区長沢4-14ほか","縄文","長沢-2",69,139.5382,35.59821,1
14135002600,14135,"多摩区No.26","潮見台遺跡Ｂ地点","集落跡","川崎市多摩区長沢1-22ほか","縄文","稗原-2",69,139.5361,35.59701,1
14135002700,14135,"多摩区No.27","","散布地","川崎市多摩区南生田2-3ほか","縄文","長沢-12",69,139.5316,35.6051,1
14135002800,14135,"多摩区No.28","","散布地","川崎市多摩区南生田2-31","縄文","長沢-6",69,139.5263,35.60457,1
14135002900,14135,"多摩区No.29","","散布地","川崎市多摩区南生田1-29ほか","縄文","長沢-11",69,139.5285,35.60651,1
14135003000,14135,"多摩区No.30","","散布地","川崎市多摩区南生田1-13ほか","縄文","長沢-10",68,139.5298,35.6073,1
14135003100,14135,"多摩区No.31","","散布地","川崎市多摩区栗谷2-19","縄文","長沢-9",69,139.5328,35.60833,1
14135003200,14135,"多摩区No.32","","散布地","川崎市多摩区西生田4-20ほか","縄文　古墳　奈良　平安","長沢-5",68,139.5247,35.61075,1
14135003300,14135,"多摩区No.33","","散布地","川崎市多摩区西生田3-22ほか","縄文　弥生　古墳　奈良　平安","長沢-4",68,139.5282,35.61036,1
14135003400,14135,"多摩区No.34","","散布地","川崎市多摩区西生田3-18","縄文　奈良　平安","西生田-11",68,139.5312,35.61141,1
14135003500,14135,"多摩区No.35","","散布地","川崎市多摩区栗谷2-13","縄文　古墳　奈良　平安","長沢-3",68,139.5338,35.60926,1
14135003600,14135,"多摩区No.36","","散布地","川崎市多摩区栗谷4-1ほか","縄文　奈良　平安","西生田-1",68,139.5387,35.61236,1
14135003700,14135,"多摩区No.37","栗谷遺跡","集落跡","川崎市多摩区栗谷3-25ほか","縄文　奈良　平安","西生田-10",68,139.5364,35.6132,1
14135004000,14135,"多摩区No.40","","散布地","川崎市多摩区西生田2-9ほか","縄文","西生田-9",68,139.5344,35.61586,1
14135004200,14135,"多摩区No.42","","散布地","川崎市多摩区西生田1-7","縄文　奈良　平安","西生田-5",68,139.529,35.61682,1
14135004400,14135,"多摩区No.44","","散布地","川崎市多摩区西生田1-1-1","縄文","西生田-3",68,139.5282,35.62183,1
14135004600,14135,"多摩No.46","","散布地","川崎市多摩区菅北浦5-3","縄文　奈良　平安","菅-1",67,139.535,35.62691,1
14135004700,14135,"多摩No.47","西菅遺跡第１地点","集落跡","川崎市多摩区菅馬場3-14ほか","縄文","菅-3",67,139.5334,35.62498,1
14135004800,14135,"多摩No.48","西菅遺跡第２地点","集落跡","川崎市多摩区菅北浦4-6ほか","縄文","菅-5",67,139.5297,35.62516,1
14135004900,14135,"多摩No.49","","集落跡","川崎市多摩区菅北浦4-6ほか","縄文","菅-7",67,139.5261,35.62539,1
14135005000,14135,"多摩区No.50","","散布地","川崎市多摩区菅仙谷3-1ほか","縄文","菅-6",73,139.523,35.62641,1
14135005300,14135,"多摩区No.53","","散布地","川崎市多摩区菅仙谷1-4ほか","縄文　奈良　平安","菅-2",73,139.5215,35.6315,1
14135005400,14135,"多摩区No.54","亀の子山遺跡","集落跡","川崎市多摩区枡形5-6ほか","縄文　奈良　平安","登戸-5",62,139.5539,35.61251,1
14135005500,14135,"多摩区No.55","","散布地","川崎市多摩区長沢4-13ほか","縄文　奈良　平安","長沢-16",69,139.5366,35.59801,1
14135005700,14135,"多摩区No.57","","散布地","川崎市多摩区枡形6-26ほか","縄文　弥生","登戸-6",62,139.5579,35.61057,1
14135006000,14135,"多摩区No.60","枡形山遺跡","散布地 城館跡","川崎市多摩区枡形6-4740ほか","旧石器　縄文　中世","登戸-8",62,139.5612,35.61114,1
14135006100,14135,"多摩区No.61","多摩区No.61遺跡","散布地","川崎市多摩区宿河原地先","縄文","宿河原-2",56,139.5843,35.61766,1
14135006200,14135,"多摩区No.62","","散布地","川崎市多摩区南生田2-29","縄文　奈良　平安","長沢-20",69,139.528,35.6035,1
14135006400,14135,"多摩区No.64","","散布地","川崎市多摩区西生田3-3","縄文",",68,139.5309,35.61358,1
14135006600,14135,"多摩区No.66","東高根遺跡","散布地","川崎市宮前区神木本町2丁目","縄文　奈良　平安","五所塚-4",57,139.5844,35.60502,1
14135006700,14135,"多摩区No.67","長尾鯉坂遺跡","集落跡","川崎市宮前区神木本町1-28ほか","縄文","五所塚-5",57,139.5828,35.60513,1
14137000200,14137,"麻生区No.2","","散布地","川崎市麻生区細山7-8","縄文","稲城-2",73,139.5123,35.6239,1
14137000400,14137,"麻生区No.4","","散布地","川崎市麻生区細山8-7ほか","縄文　奈良　平安","細山-8",74,139.5113,35.62068,1
14137000600,14137,"麻生区No.6","","散布地","川崎市麻生区細山4-22ほか","縄文　奈良　平安","細山-9",74,139.5117,35.61886,1
14137000700,14137,"麻生区No.7","","その他の墓","川崎市麻生区細山5-12","縄文","細山-22",74,139.5171,35.61866,1
14137000800,14137,"麻生区No.8","","散布地","川崎市麻生区細山5-24ほか","縄文","細山-3",73,139.5166,35.62107,1
14137000900,14137,"麻生区No.9","","散布地","川崎市麻生区細山1-10ほか","縄文　奈良　平安","細山-4",74,139.5182,35.61974,1
14137001000,14137,"麻生区No.10","","散布地","川崎市麻生区多摩美2-12ほか","縄文　奈良　平安","細山-2",74,139.5209,35.61988,1
14137001100,14137,"麻生区No.11","","散布地","川崎市麻生区細山6-6ほか","縄文","細山-1",73,139.5203,35.62114,1
14137001100,14137,"麻生区No.11","","散布地","川崎市麻生区細山6-6ほか","縄文","細山-1",74,139.5186,35.62147,1
14137001200,14137,"麻生区No.12","香林寺北遺跡","散布地","川崎市麻生区細山3-8ほか","縄文　奈良　平安","細山-10",74,139.5123,35.6161,1
14137001400,14137,"麻生区No.14","","散布地","川崎市麻生区千代ヶ丘6-6ほか","縄文","細山-14",74,139.51,35.61645,1
14137001600,14137,"麻生区No.16","弦巻遺跡・稲荷森遺跡","散布地","川崎市麻生区高石3-25ほか","縄文　弥生　古墳　奈良　平安","細山-5",74,139.5191,35.6147,1
14137001800,14137,"麻生区No.18","","散布地","川崎市麻生区高石2-6","縄文　弥生","細山-11",74,139.512,35.61233,1
14137001900,14137,"麻生区No.19","","集落跡","川崎市麻生区高石2-2ほか","縄文　奈良　平安","細山-12",74,139.5114,35.61059,1
14137002000,14137,"麻生区No.20","","散布地","川崎市麻生区高石5-15ほか","縄文　奈良　平安","長沢-7",75,139.5217,35.60452,1
14137002100,14137,"麻生区No.21","","散布地","川崎市麻生区東百合丘2-20","縄文","長沢-13",69,139.5256,35.59839,1
14137002300,14137,"麻生区No.23","","散布地","川崎市麻生区王禅寺東1-30","縄文","稗原-9",75,139.5219,35.59367,1
14137002400,14137,"麻生区No.24","日吉谷遺跡","散布地","川崎市麻生区王禅寺東2-42","縄文　奈良　平安","王禅寺-6",76,139.5194,35.5905,1
14137002800,14137,"麻生区No.28","","散布地","川崎市麻生区金程4-19ほか","縄文","細山-16",74,139.5037,35.61417,1
14137002900,14137,"麻生区No.29","細山向原遺跡","集落跡","川崎市麻生区向原2-2ほか","縄文","後原-1",79,139.4958,35.61385,1
14137003000,14137,"麻生区No.30","金程向原遺跡第３地点","集落跡","川崎市麻生区金程2-10ほか","縄文","細山-17",79,139.4991,35.61159,1
14137003100,14137,"麻生区No.31","","散布地","川崎市麻生区金程1-38","縄文","百合丘-7",74,139.5024,35.61054,1
14137003300,14137,"麻生区No.33","","散布地","川崎市麻生区万福寺379ほか","縄文　弥生","百合丘-3",74,139.5069,35.6083,1
14137003500,14137,"麻生区No.35","","散布地","川崎市麻生区万福寺550ほか","縄文　弥生　古墳　奈良　平安","百合丘-1",74,139.5109,35.60824,1
14137003600,14137,"麻生区No.36","","散布地","川崎市麻生区古沢246ほか","縄文　奈良　平安","百合丘-5",80,139.4992,35.60434,1
14137003800,14137,"麻生区No.38","","散布地","川崎市麻生区五力田249ほか","縄文　弥生　古墳　奈良　平安","五力田-7",80,139.491,35.60442,1
14137003900,14137,"麻生区No.39","","散布地","川崎市麻生区古沢578ほか","縄文","五力田-1",80,139.4945,35.60515,1
14137004000,14137,"麻生区No.40","","散布地","川崎市麻生区古沢564ほか","縄文　奈良　平安","五力田-2",80,139.496,35.6047,1
14137004100,14137,"麻生区No.41","","散布地","川崎市麻生区古沢228ほか","縄文","五力田-3",80,139.4975,35.6037,1
14137004300,14137,"麻生区No.43","五力田西遺跡","集落跡","川崎市麻生区五力田2-11ほか","縄文","五力田-13",80,139.4908,35.60047,1
14137004400,14137,"麻生区No.44","五力田東遺跡","集落跡","川崎市麻生区五力田2-3ほか","縄文　弥生","五力田-8",80,139.4934,35.59961,1
14137004500,14137,"麻生区No.45","","散布地","川崎市麻生区五力田3-16ほか","縄文　弥生　古墳　奈良　平安","五力田-5",80,139.4958,35.6007,1
14137004600,14137,"麻生区No.46","","散布地","川崎市麻生区五力田3-4ほか","縄文　弥生　古墳　奈良　平安","五力田-4",80,139.4979,35.60021,1
14137004700,14137,"麻生区No.47","菓積台遺跡","集落跡","川崎市麻生区片平1-8ほか","縄文　奈良　平安","百合丘-8",80,139.4994,35.59961,1
14137004800,14137,"麻生区No.48","山口台遺跡群上台遺跡","集落跡","川崎市麻生区上麻生4-41","縄文　弥生　古墳　奈良　平安","王禅寺-3",75,139.5021,35.59659,1
14137004900,14137,"麻生区No.49","上麻生日光台遺跡","集落跡","川崎市麻生区上麻生5-10","縄文","王禅寺-4",81,139.5009,35.59326,1
14137005000,14137,"麻生区No.50","大ヶ谷戸遺跡","集落跡","川崎市麻生区上麻生5-21ほか","縄文　弥生　古墳　奈良　平安","王禅寺-5",81,139.5002,35.59132,1
14137005400,14137,"麻生区No.54","東柿生小学校北遺跡","散布地","川崎市麻生区王禅寺133ほか","縄文　弥生　古墳　奈良　平安","早野-10",76,139.5109,35.58037,1
14137005500,14137,"麻生区No.55","","散布地","川崎市麻生区王禅寺24-2","縄文　古墳　奈良　平安","早野-11",77,139.513,35.57968,1
14137005600,14137,"麻生区No.56","","散布地","川崎市麻生区王禅寺183ほか","縄文　弥生　古墳　奈良　平安","早野-12",77,139.5139,35.57956,1
14137005700,14137,"麻生区No.57","","散布地","川崎市麻生区王禅寺288","縄文　弥生　古墳　奈良　平安","早野-1",77,139.5176,35.57916,1
14137005800,14137,"麻生区No.58","","散布地","川崎市麻生区王禅寺305ほか","縄文　弥生","早野-2",77,139.5189,35.57877,1
14137005900,14137,"麻生区No.59","","散布地","川崎市麻生区王禅寺310ほか","縄文","早野-3",77,139.5186,35.57826,1
14137006000,14137,"麻生区No.60","","散布地","川崎市麻生区早野28","縄文　弥生　古墳　奈良　平安","早野-14",77,139.5141,35.57684,1
14137006100,14137,"麻生区No.61","東柿生小学校内遺跡","散布地","川崎市麻生区王禅寺94ほか","縄文　弥生　古墳　奈良　平安 中世","早野-13",77,139.5111,35.57849,1
14137006500,14137,"麻生区No.65","","散布地","川崎市麻生区早野950ほか","縄文　弥生　古墳　奈良　平安","早野-5",77,139.5153,35.57314,1
14137006600,14137,"麻生区No.66","","散布地","川崎市麻生区早野932ほか","縄文　古墳　奈良　平安","早野-6",77,139.5164,35.57213,1
14137006800,14137,"麻生区No.68","早野上ノ原遺跡","散布地","川崎市麻生区早野798ほか","旧石器　縄文　弥生　古墳 奈良　平安　中世　近世","早野-7",77,139.5191,35.57053,1
14137007000,14137,"麻生区No.70","","散布地","川崎市麻生区早野634ほか","縄文　弥生　古墳　奈良　平安","鴨志田-1",77,139.5153,35.56853,1
14137007100,14137,"麻生区No.71","亀井古墳群","古墳","川崎市麻生区上麻生7-38","縄文　古墳","早野-17",77,139.5053,35.58024,1
14137007200,14137,"麻生区No.72","","散布地","川崎市麻生区上麻生7-41","縄文　弥生　古墳　奈良　平安 中世","早野-18",77,139.5057,35.57897,1
14137007300,14137,"麻生区No.73","","散布地","川崎市麻生区上麻生7-27","縄文　弥生　古墳　奈良　平安","早野-20",77,139.5028,35.5801,1
14137007400,14137,"麻生区No.74","","散布地","川崎市麻生区上麻生7-16","縄文","早野-19",81,139.501,35.58194,1
14137007500,14137,"麻生区No.75","","散布地","川崎市麻生区片平3-10ほか","縄文　弥生　古墳　奈良　平安","片平-1",81,139.4929,35.58984,1
14137007700,14137,"麻生区No.77","仲町遺跡","集落跡","川崎市麻生区片平3-27ほか","縄文","片平-3・4",81,139.4887,35.59103,1
14137007800,14137,"麻生区No.78","","散布地","川崎市麻生区片平4-14ほか","縄文　奈良　平安","片平-6",80,139.4874,35.59375,1
14137007900,14137,"麻生区No.79","","散布地","川崎市麻生区片平2014ほか","縄文　奈良　平安","片平-5",80,139.486,35.59523,1
14137008000,14137,"麻生区No.80","","散布地","川崎市麻生区片平1785ほか","縄文　奈良　平安","片平-7",80,139.4831,35.59626,1
14137008100,14137,"麻生区No.81","桐光学園第ニグラウンド建設予定地内遺跡","散布地","川崎市麻生区片平1642ほか","縄文　奈良　平安","五力田-12",80,139.4828,35.59827,1
14137008200,14137,"麻生区No.82","","集落跡","川崎市麻生区片平1610ほか","縄文　奈良　平安","片平-8",85,139.4799,35.5969,1
14137008400,14137,"麻生区No.84","","散布地","川崎市麻生区片平1556ほか","縄文　弥生　古墳　奈良　平安","五力田-10",80,139.4813,35.60019,1
14137008500,14137,"麻生区No.85","","散布地","川崎市麻生区栗木249ほか","縄文　平安","五力田-11",85,139.4772,35.60273,1
14137008600,14137,"麻生区No.86","栗木南IV遺跡","散布地","川崎市麻生区栗木227ほか","縄文　奈良　平安","五力田-9",85,139.4773,35.6003,1
14137008700,14137,"麻生区No.87","","散布地","川崎市麻生区栗木3-9ほか","縄文","栗木-1",85,139.472,35.60199,1
14137008800,14137,"麻生区No.88","","散布地","川崎市麻生区栗木3-2ほか","縄文","栗木-3",85,139.4705,35.60519,1
14137008900,14137,"麻生区No.89","","散布地","川崎市麻生区栗木2-5ほか","縄文","栗木-2",85,139.4702,35.60762,1
14137009000,14137,"麻生区No.90","栗木第一遺跡","集落跡","川崎市麻生区栗木台2-13ほか","縄文","黒川-8",84,139.4733,35.6112,1
14137009100,14137,"麻生区No.91","栗木III遺跡","集落跡","川崎市麻生区南黒川4ほか","縄文","黒川-10",84,139.4714,35.6125,1
14137009200,14137,"麻生区No.92","","散布地","川崎市麻生区南黒川5ほか","縄文　弥生","黒川-4",84,139.4723,35.61336,1
14137009300,14137,"麻生区No.93","栗木IV遺跡","散布地","川崎市麻生区黒川404ほか","縄文　弥生　古墳　奈良　平安","黒川-3",84,139.4733,35.61377,1
14137009400,14137,"麻生区No.94","黒川東第２遺跡","散布地","川崎市麻生区黒川459ほか","縄文","黒川-2",84,139.4745,35.61689,1
14137009500,14137,"麻生区No.95","黒川東遺跡","集落跡","川崎市麻生区黒川527ほか","縄文","黒川-1",84,139.4757,35.61747,1
14137009600,14137,"麻生区No.96","黒川地区遺跡群宮添遺跡","集落跡","川崎市麻生区黒川692ほか","縄文","黒川-5",84,139.4703,35.61709,1
14137009700,14137,"麻生区No.97","黒川地区遺跡群宮添遺跡","集落跡","川崎市麻生区黒川92ほか","縄文","黒川-9",84,139.4687,35.61602,1
14137009800,14137,"麻生区No.98","黒川地区遺跡群谷ツ遺跡","集落跡","川崎市麻生区黒川710ほか","縄文　弥生","黒川-6",84,139.4681,35.61763,1
14137009900,14137,"麻生区No.99","黒川台東遺跡・黒川地区遺跡群No.５遺跡","集落跡","川崎市麻生区黒川1041ほか","縄文","黒川-11",84,139.4655,35.6185,1
14137010000,14137,"麻生区No.100","黒川台西遺跡・黒川地区遺跡群No.16遺跡","集落跡","川崎市麻生区黒川1073ほか","縄文","黒川-12",84,139.4635,35.61885,1
14137010100,14137,"麻生区No.101","黒川地区遺跡群No.３遺跡","集落跡","川崎市麻生区黒川936ほか","縄文","黒川-13",83,139.4638,35.62245,1
14137010200,14137,"麻生区No.102","黒川海道遺跡","散布地","川崎市麻生区黒川1444ほか","縄文","黒川-7",88,139.4554,35.617,1
14137010300,14137,"麻生区No.103","","散布地","川崎市麻生区黒川1649ほか","縄文　弥生　古墳　奈良　平安","多摩-1",88,139.453,35.61764,1
14137010400,14137,"麻生区No.104","","散布地","川崎市麻生区黒川2046ほか","縄文　弥生","別所-1",89,139.454,35.60594,1
14137010500,14137,"麻生区No.105","","散布地 横穴墓","川崎市麻生区岡上526ほか","縄文　弥生　古墳　奈良　平安","栗ヶ谷戸-1",87,139.4766,35.57985,1
14137010800,14137,"麻生区No.108","","散布地","川崎市麻生区岡上540","縄文　弥生　古墳　奈良　平安","栗ヶ谷戸-2",87,139.4767,35.57785,1
14137011000,14137,"麻生区No.110","岡上丸山遺跡","散布地","川崎市麻生区岡上675-1ほか","縄文　弥生　古墳　奈良　平安","岡上-6",82,139.4829,35.57904,1
14137011100,14137,"麻生区No.111","","散布地","川崎市麻生区岡上184ほか","縄文　弥生　古墳　奈良　平安","岡上-3",81,139.4871,35.58173,1
14137011200,14137,"麻生区No.112","","散布地","川崎市麻生区岡上137ほか","縄文　弥生　古墳　奈良　平安","岡上-1・2",81,139.4882,35.58145,1
14137011300,14137,"麻生区No.113","","散布地","川崎市麻生区岡上219ほか","縄文　弥生　古墳　奈良　平安","岡上-10",81,139.4859,35.58105,1
14137011400,14137,"麻生区No.114","岡上廃寺推定地、岡上栗畑遺跡","社寺跡 集落跡","川崎市麻生区岡上794","縄文　弥生　古墳　奈良　平安","岡上-4",82,139.4864,35.57898,1
14137011500,14137,"麻生区No.115","","散布地","川崎市麻生区岡上815","縄文　弥生　古墳　奈良　平安","岡上-5",82,139.4846,35.57673,1
14137011600,14137,"麻生区No.116","","散布地","川崎市麻生区岡上941","縄文","岡上-11",82,139.4821,35.57559,1
14137011700,14137,"麻生区No.117","","散布地","川崎市麻生区岡上972ほか","縄文　弥生　奈良　平安","岡上-12",82,139.4812,35.575,1
14137011800,14137,"麻生区No.118","","散布地","川崎市麻生区岡上1330ほか","縄文","岡上-13",87,139.4779,35.57176,1
14137012100,14137,"麻生区No.121","金程向原遺跡第１地点","集落跡 板碑","川崎市麻生区向原1-3ほか","縄文　奈良　平安","細山-23",79,139.5001,35.61564,1
14137012200,14137,"麻生区No.122","金程向原遺跡第２地点","集落跡","川崎市麻生区金程3-16ほか","縄文　奈良　平安","細山-24",79,139.4995,35.61377,1
14137012300,14137,"麻生区No.123","潮見台遺跡Ｆ・Ｇ地点","散布地","川崎市麻生区百合丘3-21ほか","縄文　奈良　平安","稗原-11",69,139.5186,35.60141,1
14137013100,14137,"麻生区No.131","黒川地区遺跡群No.10遺跡","集落跡","川崎市麻生区黒川104ほか","縄文","黒川-14",84,139.4699,35.61555,1
14137013200,14137,"麻生区No.132","","散布地","川崎市麻生区黒川867ほか","縄文","黒川-15",83,139.4647,35.62317,1
14137013300,14137,"麻生区No.133","黒川地区遺跡群No.9遺跡","集落跡","川崎市麻生区黒川1073ほか","縄文","黒川-16",84,139.4641,35.61828,1
14137013400,14137,"麻生区No.134","黒川地区遺跡群No.11遺跡","集落跡","川崎市麻生区黒川936ほか","縄文","黒川-17",84,139.4602,35.61636,1
14137013500,14137,"麻生区No.135","黒川丸山遺跡","集落跡","川崎市麻生区黒川1643ほか","縄文","多摩-2",88,139.4537,35.61727,1
14137013600,14137,"麻生区No.136","","散布地","川崎市麻生区早野765ほか","縄文","鴨志田-2",77,139.5175,35.5699,1
14137013700,14137,"麻生区No.137","黒川地区遺跡群No.13遺跡","集落跡","川崎市麻生区黒川1143ほか","縄文","黒川-18",83,139.4598,35.62096,1
14137013800,14137,"麻生区No.138","黒川地区遺跡群No.14遺跡","集落跡","川崎市麻生区黒川1141ほか","縄文","黒川-19",84,139.4601,35.62002,1
14137013900,14137,"麻生区No.139","黒川地区遺跡群No.15遺跡","集落跡","川崎市麻生区黒川989ほか","縄文","黒川-20",84,139.4619,35.61968,1
14137014000,14137,"麻生区No.140","黒川地区遺跡群No.17遺跡","集落跡","川崎市麻生区黒川1121ほか","縄文","黒川-21",84,139.4614,35.61869,1
14137014100,14137,"麻生区No.141","黒川地区遺跡群No.18遺跡","集落跡","川崎市麻生区黒川1155ほか","縄文","黒川-22",84,139.4597,35.61926,1
14137014200,14137,"麻生区No.142","黒川地区遺跡群No.20遺跡","集落跡","川崎市麻生区黒川1157ほか","縄文","黒川-23",84,139.459,35.61877,1
14137014300,14137,"麻生区No.143","黒川地区遺跡群No.23遺跡","散布地","川崎市麻生区黒川1236ほか","縄文","黒川-24",88,139.4566,35.61716,1
14137014400,14137,"麻生区No.144","黒川地区遺跡群No.24・25遺跡","集落跡","川崎市麻生区黒川1248ほか","縄文","黒川-25",84,139.4589,35.61676,1
14137014500,14137,"麻生区No.145","黒川地区遺跡群No.26遺跡","散布地","川崎市麻生区黒川1283ほか","縄文","黒川-26",84,139.4635,35.61729,1
14137014600,14137,"麻生区No.146","黒川地区遺跡群No.27遺跡","散布地","川崎市麻生区黒川1273ほか","縄文","黒川-27",84,139.4632,35.61565,1
14137014700,14137,"麻生区No.147","黒川地区遺跡群No.28遺跡","散布地","川崎市麻生区黒川1300ほか","縄文","黒川-28",84,139.4641,35.61491,1
14137014800,14137,"麻生区No.148","黒川地区遺跡群No.29遺跡","散布地","川崎市麻生区黒川726ほか","縄文","黒川-29",84,139.4662,35.61554,1
14137015000,14137,"麻生区No.150","金井原遺跡","集落跡","川崎市麻生区片平1600","縄文","五力田-16",85,139.4797,35.59833,1
14137015100,14137,"麻生区No.151","川崎市麻生区土地区画整理事業地内遺跡","集落跡","川崎市麻生区向原2-13ほか","縄文　古墳","後原-2",79,139.4969,35.61588,1
14137015600,14137,"麻生区No.156","黒川地区遺跡群No.８遺跡","散布地","川崎市麻生区黒川859","縄文","黒川-30",83,139.4656,35.62349,1
14137015800,14137,"麻生区No.158","黒川明坪遺跡","散布地","川崎市麻生区黒川2120ほか","縄文　近世","別所-2",88,139.4515,35.61003,1
14137016000,14137,"麻生区No.160","月讀神社境内遺跡","散布地","川崎市麻生区上麻生7-759ほか","縄文",",77,139.5049,35.5804,1
14137016100,14137,"麻生区No.161","東百合ヶ丘3丁目遺跡","散布地","川崎市宮前区潮見台24","縄文","稗原-5",70,139.5265,35.59385,1
