JASID,自治体コード,遺跡番号,ふりがな,遺跡名,所在地,時代,種別,主な遺構/概要,主な出土品,経度,緯度
1310302000,13103,20,はりまあこうはんもりけやしきあといせき,播磨赤穂藩森家屋敷跡遺跡,港区 浜松町一丁目,[近世],屋敷,[近世]土坑,[近世]陶磁器 土器,139.757177117714,35.658642382424205
1310302100,13103,21,きゅうしばりゅうていえんいせき,旧芝離宮庭園遺跡,港区 海岸一丁目,[近世],大名屋敷,[近世]木樋　杭列　石垣　瓦敷,陶磁器　木製品　漆器,139.758659683724,35.654806708436794
1310309800,13103,98,,港区No.98遺跡,港区 東新橋一丁目,[近世],大名屋敷跡,[近世]建物基礎 土坑 木樋,陶磁器 土器 瓦,139.760181192465,35.66256155329819
1310311800,13103,118,,港区No.118遺跡,港区 東新橋一丁目,[縄文時代（早期）],包蔵地,,縄文土器,139.761382822104,35.66359361543721
1310314700,13103,147,,港区No.147遺跡,港区 海岸一丁目,[近世],その他（護岸石垣）,[近世]石垣,,139.759683373228,35.65680128309289
1310314904,13103,149-4,あたごしただいよんいせき,愛宕下第4遺跡,港区 新橋四丁目,[近世],屋敷,,,139.756301642661,35.66403990842501
1310317900,13103,179,はままつちょうちくぶけやしきあといせき,浜松町地区武家屋敷跡遺跡,港区 浜松町一丁目,［近世］,屋敷,土坑　木樋,陶磁器　瓦　木製品　漆器,139.757503273937,35.6596605480468
1310319100,13103,191,,港区No.191遺跡,港区 浜松町一丁目,[近世],その他（上水施設）,[近世]木樋,,139.757159951183,35.65921423031469
1310315100,13103,151,,港区No.151遺跡,港区 新橋六丁目,[近世],屋敷,[近世]礎石　溝　土坑,陶磁器　瓦　木製品,139.753829720536,35.661138958747514
1310307300,13103,73,しばしんめいちょうまちやあといせき,芝神明町町屋跡遺跡,港区 浜松町一丁目,[近世],町屋跡,[近世]建物基礎　土坑　井戸　下水木樋　石積,陶磁器,139.755288842567,35.658475011366576
1310311700,13103,117,,港区No.117遺跡,港区 浜松町二丁目,[近世],その他（道路）,[近世]小土坑,陶磁器　瓦　木片,139.75534661928,35.65673154176909
1310318300,13103,183,はりまあこうはんもりけやしきあとかそういせき,播磨赤穂藩森家屋敷跡下層遺跡,港区 浜松町一丁目,中世、近世,その他の墓,埋葬施設、上水、溝,人骨、木棺、陶磁器、土器、木製品、銭、獣骨,139.755632165321,35.65733130037151
1310302204,13103,22-4,ぞうじょうじしいんぐん　とくすいいんぼちあといせき,増上寺子院群　徳水院墓地跡遺跡,港区 芝公園二丁目,[近世],社寺,,人骨,139.751690231755,35.65701049924971
1310302201,13103,22-1,ぞうじょうじしいんぐん　こうがくいん・ていしょういんあといせき,増上寺子院群　光学院・貞松院跡遺跡,港区 芝公園一丁目,[近世],社寺,[近世]礎石列　土坑　井戸　上水施設　墓壙　杭列,陶磁器　カワラケ　金属製品　木製品　漆器　銭貨　人骨,139.751827560398,35.658182111570596
1310302206,13103,22-6,ぞうじょうじしいんぐん　ちとくいんあと・かがくいんあといせき,増上寺子院群　池徳院跡・花岳院跡遺跡,港区 芝公園一丁目,[近世],社寺,墓　土坑,人骨　陶磁器　金属製品,139.752359710405,35.65797289662089
1310302203,13103,22-3,ぞうじょうじしいんぐん　かよういんあといせき,増上寺子院群　華陽院跡遺跡,港区 芝公園一丁目,[近世],社寺,[近世]礎石,陶磁器　木製品　漆器　銭貨　人骨,139.752565704188,35.65839132597219
1310319400,13103,194,,港区No.194遺跡,港区 芝大門一丁目,[近世],社寺,土坑　穴蔵　溝　建物跡等,[近世]陶磁器　瓦　木製品　自然遺物等,139.752943359348,35.65829369254662
1310320600,13103,206,そうじょうじしんぐん-ふくじゅいんあと,増上寺子院群-福聚院跡,港区 芝大門一丁目,[近世],社寺,[近世]建物跡　土坑等,[近世]陶磁器　瓦　土製品等　平箱14箱,139.753012023506,35.6589352810641
1310314100,13103,141,ぞうじょうじじいきだいにいせき,増上寺寺域第2遺跡,港区 芝公園四丁目,[近世],社寺,[近世]石組み,陶磁器　瓦,139.749355636963,35.6561457280479
1310302507,13103,25-7,まるやまこふんぐん　ななごうふん,丸山古墳群　7号墳,港区 芝公園四丁目,[古墳時代],古墳,円墳　[古墳時代]横穴式石室,鉄鏃　人物埴輪　直刀　銅環　人骨,139.74731286697,35.656313103987316
1310302508,13103,25-8,まるやまこふんぐん　はちごうふん,丸山古墳群　8号墳,港区 芝公園四丁目,[古墳時代],古墳,円墳　[古墳時代]横穴式石室,須恵器　埴輪　玉類　刀　槍　人骨,139.747724853882,35.65645258358023
1310302506,13103,25-6,まるやまこふんぐん　ろくごうふん,丸山古墳群　6号墳,港区 芝公園四丁目,[古墳時代],古墳,円墳　[古墳時代]横穴式石室,須恵器　鉄鏃　管玉　直刀　銅環　鉄環　人骨,139.746849380794,35.65646653131331
1310302600,13103,26,,港区No.26遺跡,港区 芝公園四丁目,[古墳時代],古墳,,,139.747347198721,35.657470777122
1310302700,13103,27,,港区No.27遺跡,港区 芝公園四丁目,[弥生時代],包蔵地,,弥生土器,139.747398697658,35.657847366111
1310319600,13103,196,ぞうじょうじじいきだい３いせき,増上寺寺域第３遺跡,港区 芝公園三丁目,[近世],社寺,参道、門基礎,[近世]陶磁器　瓦,139.750248275599,35.65908870335228
1310310600,13103,106,ぞうじょうじじいきだいいちいせき,増上寺寺域第一遺跡,港区 芝公園三丁目,[近世],社寺,[近世]井戸　木樋,陶磁器,139.749904952845,35.66091580299479
1310320100,13103,201,てんとくじじいきだい５いせき,天徳寺寺域第５遺跡,港区 虎ノ門三丁目,[近世],社寺,[近世]墓　石組溝　土坑　等,[近世]陶磁器　木製品　金属製品,139.746645325798,35.6628398026416
1310318800,13103,188,はたもとつまきけやしきあといせき,旗本妻木家屋敷跡遺跡,港区 西新橋三丁目,[近世],屋敷,,[近世]陶磁器、銭貨,139.750533821312,35.66299390493232
1310320400,13103,204,しゅんちょうじじいきいせき,俊朝寺寺域遺跡,港区 虎ノ門三丁目,[近世],社寺,[近世]墓跡　石組溝,[近世]陶磁器　木棺,139.747125977522,35.66249113109252
1310302501,13103,25-1,まるやまこふんぐん　いちごうふん,丸山古墳群　1号墳,港区 芝公園四丁目,[古墳時代],古墳,円墳　[古墳時代]横穴式石室,土師器　須恵器　鉄鏃　鹿角製刀子　刀子　管玉　棗玉　ガラス小玉　大刀　直刀　金環　人骨,139.74745019594,35.6546114321694
1310302502,13103,25-2,まるやまこふんぐん　にごうふん,丸山古墳群　2号墳,港区 芝公園四丁目,[古墳時代],古墳,円墳,,139.746849380794,35.65486250156829
1310302503,13103,25-3,まるやまこふんぐん　さんごうふん,丸山古墳群　3号墳,港区 芝公園四丁目,[古墳時代],古墳,円墳,,139.746626221135,35.6551972584749
1310302500,13103,25,まるやまこふんぐん,丸山古墳群,港区 芝公園四丁目,[古墳時代],古墳,,,139.747484528347,35.655532013446376
1310302504,13103,25-4,まるやまこふんぐん　よんごうふん,丸山古墳群　4号墳,港区 芝公園四丁目,[古墳時代],古墳,円墳　[古墳時代]竪穴式石室?,円筒埴輪　人骨,139.746488892164,35.6556575465314
1310302505,13103,25-5,まるやまこふんぐん　ごごうふん,丸山古墳群　5号墳,港区 芝公園四丁目,[古墳時代],古墳,円墳　[古墳時代]横穴式石室,須恵器　鉄鏃　刀子　埴輪　玉類　直刀　馬具　人骨,139.746523224243,35.65610388414132
1310315600,13103,156,いわみつわのはんかめいけやしきあといせき,石見津和野藩亀井家屋敷跡遺跡,港区 南麻布四丁目,[縄文時代][弥生時代][古墳時代][奈良時代][平安時代][中世][近世],包蔵地・墳墓・屋敷,土坑　礎石　道路状遺構　大型方形区画　井戸　墳墓,[縄文時代]土器　[中世]陶器　[江]陶磁器　土器　瓦,139.727182432146,35.650498164978984
1310304900,13103,49,,港区No.49遺跡,港区 南麻布五丁目,[古墳時代],古墳,前方後円墳?,,139.724762006993,35.65140484398549
1310304800,13103,48,,港区No.48遺跡,港区 南麻布五丁目,[縄文時代],包蔵地,,打斧,139.726032301444,35.65146063949331
1310305000,13103,50,,港区No.50遺跡,港区 南麻布三丁目,[縄文時代],包蔵地,,縄文土器,139.729311034137,35.65173961485168
1310304700,13103,47,むつもりおかはんなんぶけやしきあといせき,陸奥盛岡藩南部家屋敷跡遺跡,港区 南麻布五丁目,[近世],大名屋敷,,陶磁器　瓦,139.72680477764,35.65233940961049
1310316300,13103,163,ぶんごもりはんくるしまけ・たんばかめやまはんまつだいらけやしきあといせき,豊後森藩久留島家・丹波亀山藩松平家屋敷跡遺跡,港区 三田三丁目,[近世],屋敷,土坑,陶磁器,139.743078276044,35.64529502563819
1310312100,13103,121,たまちよんちょうめまちやあといせき,田町四丁目町屋跡遺跡,港区 三田三丁目,[近世],屋敷・町屋跡,[近世]木樋,陶磁器,139.743764921552,35.64554612378788
1310315500,13103,155,こううんじあといせき,功運寺跡遺跡,港区 三田四丁目,[近世],社寺,甕棺,陶磁器　人骨,139.740846678799,35.645629822374985
1310313600,13103,136,ぶっしょういんあといせき,仏乗院跡遺跡,港区 三田四丁目,[近世],その他の墓,[近世]墓棺,甕　銭貨　漆器　曲物,139.740280195731,35.6460901660963
1310309400,13103,94,,港区No.94遺跡,港区 三田三丁目,[近世],町屋跡,[近世]石列,陶磁器　土器,139.74395374946,35.6469271468448
1310316100,13103,161,みたよんちょうめねんぐまちやあといせき,三田四丁目年貢町屋跡遺跡,港区 三田三丁目,[近世],その他（町屋）,土坑　道状遺構,,139.742202803284,35.64762462459153
1310319500,13103,195,みたにちょうめまちやあといせき,三田二丁目町屋跡遺跡,港区 三田二丁目,[近世],その他（町屋跡）,土坑,[近世]陶磁器　瓦,139.744297072214,35.64876847351994
1310320200,13103,202,,港区No.202遺跡,港区 白金一丁目,[近世],屋敷　その他（幕府御用地）,[近世]土坑　建物基礎　等,[近世]陶磁器等,139.734615370292,35.64610411457461
1310308900,13103,89,きたしんあみちょうまちやあと,北新網町町屋跡,港区 浜松町二丁目,[近世],町屋跡,[近世]建物基礎　土坑　杭列,陶磁器　土器　瓦器　木製品　金属製品　人骨,139.755157792028,35.654444053728014
1310302300,13103,23,まるやまかいづか,丸山貝塚,港区 芝公園四丁目,[縄文時代（後期）],貝塚,,縄文土器　磨斧　石匙　石錘,139.748514496608,35.654583536584994
1310302400,13103,24,まるやまこふん,丸山古墳,港区 芝公園四丁目,[古墳時代],古墳,※遺跡範囲のすべてが、都指定史跡芝丸山古墳となっています。 　 前方後円墳,鉄鏃　円筒埴輪　馬歯,139.747913681789,35.654946191192494
1310302509,13103,25-9,まるやまこふんぐん　きゅうごうふん,丸山古墳群　9号墳,港区 芝公園四丁目,[古墳時代],古墳,円墳　[古墳時代]横穴式石室,土師器　須恵器　鉄鏃　埴輪　玉類　直刀　銅釧　人骨,139.74805101076,35.656285207933095
1310302205,13103,22-5,ぞうじょうじしいんぐん　じょうしょういんあといせき,増上寺子院群　常照院跡遺跡,港区 芝公園一丁目,[近世],社寺,,人骨,139.75150140352,35.65756841314992
1310302202,13103,22-2,ぞうじょうじしいんぐん　げんこういんあといせき,増上寺子院群　源興院跡遺跡,港区 芝公園一丁目,[近世],社寺,[近世]建物土台　土坑　井戸　上下水施設　墓壙,陶磁器　カワラケ　土製品　金属製品　木製品　銭貨　人骨,139.751209579703,35.65762420382009
1310313200,13103,132,みなみしんあみまちまちやあと,南新網町町屋跡,港区 浜松町二丁目,[近世],屋敷,[近世]杭列　土坑,陶磁器　木製品,139.755483948251,35.653732687048816
1310304600,13103,46,,港区No.46遺跡,港区 元麻布一丁目,[縄文時代（中期）],貝塚,,磨斧,139.732675596208,35.65346924490257
1310304300,13103,43,,港区No.43遺跡,港区 元麻布二丁目,[縄文時代（後期）],包蔵地・貝塚,,縄文土器　打斧　石鏃,139.72704510383,35.65443168202087
1310304500,13103,45,,港区No.45遺跡,港区 元麻布二丁目,[縄文時代（前期・中期）][近世],包蔵地,,縄文土器　打斧　焼塩壺,139.731010481376,35.6548082864047
1310304400,13103,44,,港区No.44遺跡,港区 元麻布二丁目,[縄文時代（後期）],包蔵地,,縄文土器,139.729602858608,35.6549477686257
1310308700,13103,87,しゅんとういんあといせき,春桃院跡遺跡,港区 元麻布一丁目,[中世][近世],包蔵地 社寺 その他の墓,墓坑 甕棺 礎石建物跡 土坑,陶磁器（江戸時代） 銭貨 人骨 陶器（中世）,139.732521100707,35.6525346924969
1310309100,13103,91,,港区No.91遺跡,港区 南麻布一丁目,[近世],武家屋敷跡,,陶磁器　漆椀,139.735027357858,35.651753563939906
1310309700,13103,97,たんばかしわばらはんおだけやしきあといせき,丹波柏原藩織田家屋敷跡遺跡,港区 三田二丁目,[近世],大名屋敷跡,[近世]土坑,陶磁器　貝殻,139.738100097422,35.65182330987659
1310311500,13103,115,ぜんぷくじじいきいせき,善福寺寺域遺跡,港区 元麻布一丁目,[近世],社寺,[近世]土坑,縄文土器　[江戸時代]陶磁器　瓦,139.731971784825,35.65401323351969
1310312600,13103,126,,港区No.126遺跡,港区 西麻布四丁目,[近世],屋敷（武家屋敷）,[近世]溝,陶磁器,139.7211,35.65768399999999
1310308500,13103,85,,港区No.85遺跡,港区 芝四丁目,[近世],墓跡,,人骨,139.750459715908,35.64946593492469
1310305300,13103,53,じゅりんじあといせき,寿林寺跡遺跡,港区 芝一丁目,[近世],社寺,,陶磁器　下駄　人骨,139.753944441729,35.6500099518703
1310307900,13103,79,しばかなすぎどおりちょうまちやあといせき,芝金杉通町町屋跡遺跡,港区 芝一丁目,[近世],町屋跡,,陶磁器 獣骨,139.7540817707,35.65062370837029
1310305200,13103,52,,港区No.52遺跡,港区 芝二丁目,[奈良時代以降],貝塚,,土錘,139.750133559685,35.6525486411803
1310309000,13103,90,,港区No.90遺跡,港区 芝二丁目,[近世],町屋跡,,陶磁器,139.753377959316,35.65134905030099
1310312201,13103,122-1,さつまかごしまはんしまづけやしきあとだいいちいせき,薩摩鹿児島藩島津家屋敷跡第1遺跡,港区 芝三丁目,[近世],屋敷（大名屋敷）,[近世]土坑,陶磁器　動物遺体,139.746906325274,35.65243705164551
1310312202,13103,122-2,さつまかごしまはんしまづけやしきあとだいにいせき,薩摩鹿児島藩島津家屋敷跡第2遺跡,港区 芝三丁目,[近世],屋敷,[近世]柱穴群　礎石　土坑　石組溝　井戸　上水木樋桝,陶磁器　土器　瓦　石製品　木製品　金属製品　動植物遺体,139.748416945915,35.65063765658921
1310313000,13103,130,かんしょうじ・とくねんじ・じょうしょうじじいきあといせき,勧勝寺・徳念寺・常照寺寺域遺跡,港区 芝一丁目,[近世],その他の墓,[近世]土坑,陶器　人骨,139.754751250332,35.65102822754491
1310315000,13103,150,ざこばあといせき,雑魚場跡遺跡,港区 芝四丁目,[近世],貝塚,[近世]貝塚,陶磁器　動物遺体（貝）,139.750562713127,35.6475967249707
1310312500,13103,125,,港区No.125遺跡,港区 三田五丁目,[近世],屋敷（武家屋敷跡）,[近世]整地層,土器　木製品,139.738580748492,35.647303786079206
1310308400,13103,84,さどはらはんしまづけやしきあといせき,佐土原藩島津家屋敷跡遺跡,港区 三田二丁目,[近世],大名屋敷跡,[近世]土坑,陶磁器　カワラケ　獣魚骨　貝類,139.739267394655,35.65166987336491
1310314800,13103,148,いよまつやまはんひさまつけやしきあといせき,伊予松山藩久松家屋敷跡遺跡,港区 三田二丁目,[近世],屋敷,[近世]土坑,陶磁器,139.741790815717,35.651097970922194
1310316400,13103,164,むつあいづはんまつだいら（ほしな）けやしきあといせき,陸奥会津藩松平（保科）家屋敷跡遺跡,港区 三田二丁目,[近世],屋敷,土坑,陶磁器,139.740589186079,35.6489498144967
1310305400,13103,54,ねこづか（おせんちやま）いせき,猫塚（オセンチ山）遺跡,港区 三田一丁目,[古墳時代],古墳,円墳,,139.74329982581466,35.65271045966496
1310310900,13103,109,,港区No.109遺跡,港区 三田一丁目,[奈良時代][平安時代],包蔵地,,土器,139.73930011553517,35.65342183491639
1310315200,13103,152,ちくぜんあきづきはんくろだけやしきあといせき,筑前秋月藩黒田家屋敷跡遺跡,港区 三田一丁目,[近世],屋敷,[近世]建物基礎　溝　土坑,陶磁器　瓦　金属製品,139.739986761043,35.65441217092034
1310306100,13103,61,,港区No.61遺跡,港区 三田三丁目,[古墳時代],古墳？,,石棺?,139.740932508833,35.64282585641109
1310305700,13103,57,かめづかいせき,亀塚遺跡,港区 三田四丁目,[古墳時代],古墳,※遺跡範囲のすべてが、都指定史跡亀塚となっています。 円墳,土師器　須恵器,139.74088101055,35.64355127020703
1310305500,13103,55,さいかいじ(まきのけぼしょ）いせき,済海寺（牧野家墓所）遺跡,港区 三田四丁目,[近世],大名墓所,,陶磁器　土製品　銀製品　漆器　銭貨　銅板墓誌　人骨,139.741241499835,35.64378842336029
1310314400,13103,144,しばたまちごちょうめまちやあと・たんばかめやまはんまつだいらけやしきあといせき,芝田町五丁目町屋跡・丹波亀山藩松平家屋敷跡遺跡,港区 三田三丁目,[近世],屋敷,[近世]土坑,陶磁器　土器,139.742769285697,35.64445802752519
1310310400,13103,104,,港区No.104遺跡,港区 白金四丁目,[近世],武家屋敷跡,,陶磁器,139.727319761444,35.64165401937427
1310306500,13103,65,,港区No.65遺跡,港区 白金六丁目,[縄文時代（中期）],包蔵地,,石器,139.724298521144,35.6433699167102
1310305100,13103,51,ほんむらちょうかいづかいせき,本村町貝塚,港区 南麻布三丁目,[縄文時代（前期）],貝塚,,縄文土器　魚骨,139.729568526202,35.64860107990779
1310308600,13103,86,あざぶほんむらちょうまちやあといせき,麻布本村町町屋跡遺跡,港区 南麻布三丁目,[近世],町屋跡,[近世]土坑　溝,陶磁器　土器　石製品　金属製品,139.731800123448,35.649173000226796
1310319300,13103,193,みなみあざぶよんちょうめぶけやしきあといせき,南麻布四丁目武家屋敷跡遺跡,港区 南麻布四丁目,[近世],屋敷,建物跡　土坑,[近世]陶磁器　土器,139.724985165997,35.64954962834088
1310317800,13103,178,ぶしゅうかわごえはんまつだいらけやしきあと,武蔵川越藩松平家屋敷跡遺跡,港区 虎ノ門二丁目,[近世],屋敷,,,139.744036073392,35.667093474534795
1310320300,13103,203,とらのもんいち・にちょうめちくさいかいはつけいかくようちないいせき,虎ノ門一・二丁目地区再開発計画用地内遺跡,港区 虎ノ門二丁目,[近世],屋敷,[近世]土坑　ピット　等,[近世]陶磁器等,139.747417802649,35.66731661142549
1310320500,13103,205,はたもとひじかたけやしきあと,旗本土方家屋敷跡,港区 虎ノ門二丁目,[近世],屋敷,[近世]石垣等,[近世]陶磁器等,139.747383470243,35.66840439576771
1310318000,13103,180,ひぜんさがはんなべしまけやしきあといせき,肥前佐賀藩鍋島家屋敷跡遺跡,港区 虎ノ門二丁目,近世,屋敷,溝跡,陶磁器　土器,139.745289201313,35.668557800393486
1310314902,13103,149-2,あたごしただいにいせき,愛宕下第2遺跡,港区 西新橋二丁目,[近世],屋敷,,,139.751709337728,35.6656570135422
1310310500,13103,105,,港区No.105遺跡,港区 西新橋二丁目,[近世],武家屋敷跡,[近世]土坑　杭列,陶磁器　木製品,139.750215883617,35.66579647681439
1310314901,13103,149-1,あたごしただいいちいせき,愛宕下第1遺跡,港区 虎ノ門一丁目,[縄文時代（中期〜後期）][近世],包蔵地・屋敷,,,139.749117250543,35.66666114377047
1310309302,13103,93-2,いせこものはんひじかたけやしきあとだいにいせき,伊勢菰野藩土方家屋敷跡第2遺跡,港区 西新橋二丁目,[近世],大名屋敷跡,[近世]礎石　土坑　ゴミ穴　井戸　木樋　竹管　桝樋　土留め,陶磁器　木製品　鉄製品,139.751245851879,35.66772104498489
1310301300,13103,13,,港区No.13遺跡,港区 虎ノ門一丁目,[近世],上水施設,[近世]上水木樋,木樋　水槽,139.748911256759,35.67025917315439
1310317300,13103,173,ぶんごひじはんきのしたけやしきあといせき,豊後日出藩木下家屋敷跡遺跡,港区 虎ノ門一丁目,[近世],屋敷,土坑　木造構造物　坑列　上水樋,陶磁器他,139.750559206371,35.668390449587804
1310318102,13103,181-2,あたごしたぶけやしきぐん-おうみみなぐちはんかとうけやしきあといせき,愛宕下武家屋敷群-近江水口藩加藤家屋敷跡遺跡,港区 虎ノ門一丁目,[近世],屋敷,[近世]土坑　溝跡　建物基礎,[近世]陶磁器　木製品　等,139.749889726739,35.667776829093626
1310318103,13103,181-3,あたごしたぶけやしきぐん-よろいこうじみなみちくいせき,愛宕下武家屋敷群-鎧小路南地区遺跡,港区 愛宕一丁目,近世,屋敷,土坑　溝跡　石積　墓,陶磁器　土器　瓦　人骨,139.748447770256,35.66615907996899
1310319900,13103,199,,港区No.199遺跡,港区 西新橋一丁目,[近世],その他（幕府御用地）,木樋,,139.753189,35.66873200000002
1310310300,13103,103,やまとこいずみはんかたぎりけやしきあといせき,大和小泉藩片桐家屋敷跡遺跡,港区 西新橋三丁目,[近世],大名屋敷跡,[近世]土坑　溝杭　石垣,陶磁器　瓦　石製品　金属製品　木製品,139.749881508211,35.6643467341553
1310311000,13103,110,えちごながおかはんはんまきのけやしきあとだいにいせき,越後長岡藩牧野家屋敷跡第2遺跡,港区 西新橋三丁目,[近世],大名屋敷跡,[近世]建物基礎　土坑　井戸　上水木樋,陶磁器　瓦　木製品,139.750053169588,35.66447225285191
1310314903,13103,149-3,あたごしただいさんいせき,愛宕下第3遺跡,港区 新橋四丁目,[近世],屋敷,,,139.753967048852,35.66482091574949
1310301900,13103,19,,港区No.19遺跡,港区 西新橋二丁目,[近世],武家屋敷跡,[近世]井戸　上水遺構　溝　杭列,陶磁器　瓦　金属製品　木製品　ガラス製品　貝・骨製品　種子　獣・魚骨,139.752481813924,35.66500153279321
1310308800,13103,88,えちごながおかはんまつだいらけやしきあとだい1いせき,越後長岡藩牧野家屋敷跡第1遺跡,港区 西新橋三丁目,[近世],武家屋敷跡,[近世]土坑　杭列,陶磁器　土器　木製品,139.750619652656,35.66503011302328
1310318101,13103,181-1,あたごしたぶけやしきぐん-はたもとおおしまけ・はたもとみずのけやしきあといせき,愛宕下武家屋敷群-旗本大嶋家・旗本水野家屋敷跡遺跡,港区 新橋三丁目,近世,屋敷,土坑　礎石建物跡,陶磁器　土器,139.756833793978,35.66546245128998
1310318104,13103,181-4,あたごしたぶけやしきぐん-むついちのせきはんたむらけやしきあといせき,愛宕下武家屋敷群-睦一関藩田村家屋敷跡遺跡,港区 新橋四丁目,近世,屋敷,土坑　礎石建物跡　石組溝　上下水木樋　土坑　埋桶　建物基礎,陶磁器　木製品　金属製品,139.754447700576,35.665071951986604
1310319000,13103,190,えちごながおかはんまきのけやしきあとだい３いせき,越後長岡藩牧野家屋敷跡第３遺跡,港区 西新橋三丁目,[近世],屋敷,[近世]土坑,[近世]陶磁器等,139.750362159936,35.664583825038406
1310321200,13103,212,えんぷくじあと,圓福寺跡,港区 愛宕一丁目,[近世],社寺,杭列　土坑　礎石建物等,[近世]陶磁器　瓦等,139.749237412983,35.6642344730798
1310301602,13103,16-2,しばかみやちょうまちやだいにいせき,芝神谷町町屋跡第2遺跡,港区 虎ノ門五丁目,[近世],町屋跡,[近世]土坑　杭列,陶磁器,139.744932219112,35.66320468213512
1310301601,13103,16-1,しばかみやちょうまちやあといせき,芝神谷町町屋跡遺跡,港区 虎ノ門五丁目,[近世],町屋跡,[近世]町屋棟割　上水施設,陶磁器　木製品,139.745224043584,35.66363703055272
1310307700,13103,77,,港区No.77遺跡,港区 虎ノ門五丁目,[近世],町屋跡・道路,[近世]道路,陶磁器　木製品,139.745550200462,35.663079161445694
1310301403,13103,14-3,てんとくじじいきだいさんいせき,天徳寺寺域第3遺跡,港区 虎ノ門三丁目,[近世],墓跡,[近世]土坑　井戸　溝状石組遺構　埋葬施設,鏡　煙管　木箱　漆器　くし　銭貨　卒塔婆,139.746422166139,35.663300047180584
1310301404,13103,14-4,てんとくじじいきだいよんいせき,天徳寺寺域第4遺跡,港区 虎ノ門三丁目,[近世],社寺,[近世]井戸　上水木樋　竹管　杭列　石積遺構,陶磁器　土器　金属製品　木製品,139.746765488893,35.664457619025484
1310301401,13103,14-1,てんとくじじいきだいいちいせき,天徳寺寺域第1遺跡,港区 虎ノ門三丁目,[近世],社寺,,甕棺　人骨,139.747537965744,35.66470865746891
1310321100,13103,211,てんどくじじいきだい6,天徳寺寺域第6,港区 虎ノ門三丁目,[近世],社寺,[近世]埋葬施設1基,[近世]人骨,139.747057313364,35.6653083542959
1310314300,13103,143,こうづけぬまたはんときけやしきあといせき,上野沼田藩土岐家屋敷跡遺跡,港区 虎ノ門四丁目,[近世],屋敷,[近世]土坑　建物跡,陶磁器　土器　瓦,139.74364475944,35.66585452350711
1310301500,13103,15,にしくぼしろやまいせき,西久保城山遺跡,港区 虎ノ門四丁目,[中世],城館,,,139.744108244633,35.66585452350711
1310301402,13103,14-2,てんとくじじいきだいにいせき,天徳寺寺域第2遺跡,港区 虎ノ門三丁目,[近世],社寺,,銭貨　人骨,139.747881288498,35.6662706508622
1310308202,13103,82-2,あざぶいちべいちょうちくぶけやしきあとだい2いせき,麻布市兵衛町地区武家屋敷跡第2遺跡,港区 六本木一丁目,[近世],屋敷,[近世]土坑,陶磁器　近世土器,139.741224332977,35.66526877697831
1310308200,13103,82,あざぶいちべいちょうちくぶけやしきあといせき,麻布市兵衛町地区武家屋敷跡遺跡,港区 六本木一丁目,[近世],武家屋敷跡,[近世]土坑　小穴群　溝,陶磁器　土器　瓦器　瓦　石製品　金属製品　ガラス製品,139.741842314327,35.66466907932211
1310308000,13103,80,にしくぼしろやまちくぶけやしきあといせき,西久保城山地区武家屋敷跡遺跡,港区 虎ノ門四丁目,[近世],武家屋敷跡,[近世]建物　地下室　土坑　井戸　下水　溝状遺構　土壙墓　石組,陶磁器　土器　瓦器　土製品　瓦　石製品　金属製品　木製品　ガラス製品　銭貨　獣骨,139.742992445683,35.6647945969799
1310301700,13103,17,おおたどうかんしろあと,太田道灌城跡,港区 虎ノ門五丁目,[中世],城館,,,139.743146941184,35.66328836248509
1310310000,13103,100,,港区No.100遺跡,港区 虎ノ門四丁目,[縄文時代（前期〜後期）][弥生時代][古墳時代][奈良時代][平安時代],包蔵地,,縄文土器　打斧　磨斧　磨石　弥生土器　土師器　須恵器,139.74316410706,35.665059580063996
1310313300,13103,133,,港区No.133遺跡,港区 六本木一丁目,[近世],屋敷,[近世]土坑,陶磁器,139.742219968832,35.66511536656428
1310314600,13103,146,にしくぼはちまんじんじゃいせき,西久保八幡神社遺跡,港区 虎ノ門五丁目,[近世],社寺,[近世]土坑,陶磁器　土器　瓦,139.742837950182,35.661210269541286
1310319700,13103,197,いいぐらいっちょうめまちやあといせき,飯倉一丁目町屋跡遺跡,港区 麻布台一丁目,[近世],その他（町屋跡）,土坑　溝　建物礎石,陶磁器　瓦,139.7428976585871,35.6608883626329
1310317400,13103,174,だいようじあといせき,大養寺跡遺跡,港区 虎ノ門五丁目,[近世],社寺,墓坑 土坑,棺甕 焼骨壷 石碑 陶磁器,139.743370100843,35.661796045844994
1310318900,13103,189,かみやちょうまちやあといせき,神谷町町屋跡遺跡,港区 虎ノ門五丁目,[近世],その他（町屋）,[近世]土坑、礎石、溝状遺構,[近世]陶磁器、土製品,139.744451567387,35.6628699593261
1310315400,13103,154,,港区No.154遺跡,港区 麻布狸穴町,[近世],その他の墓,[近世]墓棺　井戸,陶磁器　銭貨　人骨,139.739233061266,35.6583092167928
1310302800,13103,28,,港区No.28遺跡,港区 芝公園四丁目,[古墳時代],横穴墓,,,139.746248565974,35.65836342957979
1310302900,13103,29,こうようかんないかいづかいせき,紅葉館内貝塚遺跡,港区 芝公園四丁目,[縄文時代][弥生時代][古墳時代],集落・貝塚,住居跡,縄文土器　磨斧　石鏃,139.745424591496,35.65865632871069
1310303100,13103,31,ぞうじょうじしもやしきあといせき,増上寺下屋敷跡遺跡,港区 麻布狸穴町,[縄文時代][近世],社寺,,縄文土器　打斧　陶磁器　木製品　銭貨　人骨,139.739627882302,35.65899264866469
1310311200,13103,112,,港区No.112遺跡,港区 東麻布二丁目,[近世],武家屋敷跡,[近世]土坑,陶磁器　瓦,139.739353224361,35.657318929643694
1310303000,13103,30,,港区No.30遺跡,港区 麻布台一丁目,[縄文時代（後期）],貝塚,,縄文土器,139.74269166545864,35.65816861664101
1310317500,13103,175,ひぜんごとう（ふくえ）はんごとうけやしきあといせき,肥前五島（福江）藩五島家屋敷跡遺跡,港区 六本木五丁目,[近世],屋敷,建物跡　土坑,近世陶磁器　土器　瓦,139.735147520626,35.661168429884384
1310313400,13103,134,,港区No.134遺跡,港区 六本木三丁目,[近世],屋敷,,陶磁器　土器　瓦　弥生式土器,139.737093731094,35.66288913578431
1310311600,13103,116,,港区No.116遺跡,港区 麻布台一丁目,[近世],屋敷（大名）,[近世]土坑,陶磁器　瓦,139.74176469376116,35.66058152414483
1310316200,13103,162,たじまいずしはんせんごくけやしきあといせき,但馬出石藩仙石家屋敷跡遺跡,港区 虎ノ門五丁目,[近世],屋敷,土坑,陶磁器他,139.741825148124,35.662981532687624
1310318200,13103,182,とらのもん・あざぶだいさいかいはつようちないいせき,虎ノ門・麻布台地区再開発用地内遺跡,港区 麻布台一丁目,[近世],屋敷,瓦集積 ピット 土坑 井戸 建物基礎等,陶磁器 瓦,139.74217668132778,35.662157544752944
1310303200,13103,32,よねざわはんうえすぎけ・うすきはんいなばけやしきあといせき,米沢藩上杉家・臼杵藩稲葉家屋敷跡,港区 麻布台一丁目,[近世],大名屋敷,[近世]柱列　土坑,陶磁器　カワラケ　瓦器　石製品　金属製品　土製人形　魚骨　貝殻,139.74035707033914,35.66081862674061
1310303300,13103,33,,港区No.33遺跡,港区 麻布台一丁目,[古墳時代],古墳？,円墳,,139.7406145624046,35.661223094280984
1310303400,13103,34,あざぶしょうがっこうこうていいせき,麻布小学校校庭遺跡,港区 麻布台一丁目,[近世],大名屋敷,[近世]土坑,陶磁器　カワラケ　金属製品　魚骨　貝殻,139.73865762277282,35.66179492355761
1310307400,13103,74,がんぎざかうえいせき,雁木坂上遺跡,港区 麻布台一丁目,[弥生時代],集落,[弥生時代]住居,弥生土器,139.74162736479056,35.66101388716538
1310316500,13103,165,はたもととがわけやしきあといせき,旗本戸川家屋敷跡遺跡,港区 六本木五丁目,[近世],屋敷,土坑,陶磁器,139.734186217177,35.66003870457409
1310316600,13103,166,さがみおだわらはんおおくぼけやしきあといせき,相模小田原藩大久保家屋敷跡遺跡,港区 六本木五丁目,[近世],屋敷,土坑 建物跡,陶磁器 土器,139.733877226174,35.6608058035321
1310315300,13103,153,ぶぜんこくらにったはんおがさわらけやしきあといせき,豊前小倉新田藩小笠原家屋敷跡遺跡,港区 六本木六丁目,[近世],屋敷,[近世]土坑,陶磁器,139.730907483174,35.66112658754551
1310317000,13103,170,,港区No.170遺跡,港区 六本木六丁目,[近世],屋敷,[近世]土坑,陶磁器他,139.730907483174,35.661545000372
1310311300,13103,113,,港区No.113遺跡,港区 六本木六丁目,[近世],町屋跡,[近世]地下室,陶磁器　瓦,139.731868786623,35.66236787274761
1310318600,13103,186,きょうぜんじじいきいせき,教善寺寺域遺跡,港区 六本木五丁目,近世,社寺,土坑　溝跡,陶磁器　瓦,139.73298458721,35.66249339535331
1310304200,13103,42,,港区No.42遺跡,港区 元麻布三丁目,[縄文時代（後期）],包蔵地,,縄文土器,139.732435270346,35.656788911750894
1310303700,13103,37,,港区No.37遺跡,港区 六本木六丁目,[弥生時代],包蔵地,,,139.73167995937,35.657653676786325
1310304100,13103,41,,港区No.41遺跡,港区 元麻布三丁目,[縄文時代],貝塚,,石斧,139.728075070454,35.65772341491041
1310312900,13103,129,ろっぽんぎろくちょうめだいいっしゅしがいちさいかいはつじぎょうちないいせき,六本木六丁目地区第一種市街地再開発事業地内遺跡,港区 六本木六丁目,[近世],屋敷,[近世]礎石 土坑 石組溝 地下室 墓棺,陶磁器 土器 瓦 人骨 金属製品,139.729602856971,35.65992712550428
1310317100,13103,171,あざぶりゅうどちょうまちやあといせき,麻布龍土町町屋跡遺跡,港区 六本木七丁目,[近世],屋敷,[近世]土坑　井戸　溝状遺構　墓坑等,(近世)陶磁器　土器　土製品　石製品　木製品等,139.729221090914,35.66525577703989
1310303502,13103,35-2,ちょうしょうじあといせき,長昌寺跡遺跡,港区 六本木七丁目,[近世],社寺,[近世]墓壙,甕棺　人骨,139.729564413668,35.6635821903604
1310303501,13103,35-1,ちょうしょうじあといせき,長昌寺跡遺跡,港区 六本木七丁目,[近世],社寺,,人骨,139.730216727424,35.663554297377516
1310300900,13103,9,ながとはぎはんもうりけやしきあといせき,長門萩藩毛利家屋敷跡遺跡,港区 赤坂九丁目,[縄文時代][古墳時代][近世],集落・屋敷（大名）,[縄文時代]土坑　[古墳時代]住居　[近世]井戸　土坑　溝,縄文土器　土師器　陶磁器　石器　瓦,139.730422720553,35.66606466511807
1310300902,13103,9-2,ながとはぎはんもうりけやしきあとだいにいせき,長門萩藩毛利家屋敷跡第２遺跡,港区 赤坂九丁目,[縄文時代][近世],包蔵地　屋敷,土留め柵,縄文土器　石匙　陶磁器　土器,139.732448325325,35.6665388370411
1310311400,13103,114,,港区No.114遺跡,港区 六本木四丁目,[近世],屋敷（武家屋敷）,,,139.734679923225,35.66572995376711
1310317200,13103,172,はたもとはなぶさけやしきあといせき,旗本花房家屋敷跡遺跡,港区 六本木四丁目,[近世],屋敷,[近世]土坑,陶磁器他,139.732860312891,35.6643632026944
1310318700,13103,187,こうんじあといせき,湖雲寺跡遺跡,港区 六本木四丁目,近世,社寺,墓　石組,陶磁器,139.734920249415,35.66519999223358
1310308100,13103,81,せんしゅうじあといせき,専修寺跡遺跡,港区 赤坂五丁目,[近世],社寺,[近世]墓壙,陶磁器　銭貨　甕棺　墓石　人骨,139.733556569313,35.67287100611949
1310300600,13103,6,しょうせんじあといせき,松泉寺跡遺跡,港区 赤坂五丁目,[近世],社寺,,甕棺　人骨,139.733968556879,35.67303834646772
1310314000,13103,140,せいげんじあといせき,清厳寺跡遺跡,港区 赤坂四丁目,[近世],その他の墓,[近世]甕棺墓,甕棺　櫛　人骨,139.735238850021,35.67579941900681
1310309600,13103,96,じょうどじじいきだいいいちいせき,浄土寺寺域第一遺跡,港区 赤坂四丁目,[近世],社寺,[近世]墓壙,人骨,139.735444844459,35.67415394266031
1310300700,13103,7,いまいしろやま,今井城山遺跡,港区 赤坂五丁目,[中世],城館,,,139.7357195024,35.672508433452094
1310307800,13103,78,さいきょうじあといせき,西教寺跡遺跡,港区 赤坂五丁目,[近世],社寺,,人骨,139.736303151344,35.67401449398892
1310317600,13103,176,がんせいいんあといせき,願生院跡遺跡,港区 赤坂五丁目,[近世],社寺,甕棺墓,大甕　人骨,139.73448354101,35.6732893573962
1310320000,13103,200,,港区No.200遺跡,港区 赤坂三丁目,[近世],その他（幕府御用地）,,[近世]陶磁器　木製品　金属製品他,139.736646474098,35.67736119538449
1310310801,13103,108-1,ためいけあといせき,溜池跡遺跡,港区 赤坂二丁目,[近世],溜池等跡,[近世]石積 下水木樋,陶磁器 木製品,139.741452992653,35.67103023487739
1310301200,13103,12,えちごいといがわはんまつだいらけやしきあといせき,越後糸魚川藩松平家屋敷跡遺跡,港区 赤坂一丁目,[近世],大名屋敷,,陶磁器,139.741591258646,35.66883026106689
1310301000,13103,10,,港区No.10遺跡,港区 赤坂一丁目,[近世],その他（幕府御用地）,消滅　[近世]幹線木樋　上水遺構,煙管　銭貨　陶磁器,139.742655558659,35.67016904499269
1310301102,13103,11-2,,港区No.11-2遺跡,港区 赤坂一丁目,[近世],屋敷,[近世]上水関連施設,陶磁器,139.743136211039,35.6696391129278
1310301100,13103,11,,港区No.11遺跡,港区 赤坂一丁目,[近世],大名用地,,陶磁器　木製品　漆器,139.743273539354,35.669973807888795
1310312700,13103,127,ひたちしもだてはんいしかわけやしきあといせき,常陸下館藩石川家屋敷跡遺跡,港区 六本木三丁目,[近世],屋敷,[近世]地下室　土坑,陶磁器　瓦,139.738020702791,35.66400487382002
1310310200,13103,102,,港区No.102遺跡,港区 六本木一丁目,[近世],武家屋敷跡,[近世]土坑,陶磁器,139.739679380584,35.66319073557891
1310310700,13103,107,,港区No.107遺跡,港区 六本木一丁目,[近世],屋敷（大名）,[近世]土坑　杭,陶磁器　瓦　貝類,139.740177198839,35.6646969724475
1310308300,13103,83,むつはちのへはんなんぶけやしきあといせき,陸奥八戸藩南部家屋敷跡遺跡,港区 六本木一丁目,[近世],屋敷,[近世]土坑　井戸跡　地下室　柱穴,陶磁器　土器　瓦　金属製品　石製品　動物遺体,139.740760847128,35.66317678848833
1310309900,13103,99,むつはちのへはんなんぶけやしきあとかそういせき,陸奥八戸藩南部家屋敷跡下層遺跡,港区 六本木一丁目,[縄文時代（前期〜中期）][弥生時代][古墳時代],集落,[弥生時代]住居　溝,縄文土器　けつ状耳飾　弥生土器　土師器,139.740760847128,35.66317678848833
1310300800,13103,8,,港区No.8遺跡,港区 赤坂六丁目,[古墳時代],古墳,,須恵器　刀　管玉,139.735435230926,35.66837971185751
1310313700,13103,137,,港区No.137遺跡,港区 赤坂六丁目,[近世],屋敷,[近世]礎石　土坑,陶磁器,139.737598165324,35.66957904798289
1310309502,13103,95-2,ふくおかはんくろだけやしきあとだいにいせき,福岡藩黒田家屋敷跡第2遺跡,港区 赤坂二丁目,[近世],屋敷,[近世]土坑,陶磁器,139.739599049258,35.67041663467498
1310310802,13103,108-2,ためいけあといせき,溜池跡遺跡,港区 赤坂二丁目,[近世],その他（下水跡）,[近世]石積,陶磁器,139.741041005086,35.66949622605932
1310309500,13103,95,ふくおかはんくろだけやしきあといせき,福岡藩黒田家屋敷跡遺跡,港区 赤坂二丁目,[近世],大名屋敷跡,[近世]土坑,陶磁器　土器,139.741041005086,35.669942485784986
1310316900,13103,169,びんごみよしはんあさのけやしきあといせき,備後三次藩浅野家屋敷跡遺跡,港区 赤坂六丁目,[近世],屋敷,[近世]礎石　土坑,古代土器　陶磁器他,139.735744220619,35.6679055508685
1310307200,13103,72,せいとくじあといせき,清徳寺跡遺跡,港区 六本木六丁目,[近世],社寺,,煙管　扇　布　土製人形　銭貨　甕棺　人骨,139.732194943501,35.6614752650532
1310301800,13103,18,にしくぼはちまんかいづか,西久保八幡貝塚,港区 虎ノ門五丁目,[縄文時代（後期）],貝塚,,縄文土器　打斧　砥石　骨角器　獣・魚骨　陶磁器,139.742752119494,35.661419476009414
1310300500,13103,5,とうぐうごしょないいせき,東宮御所内遺跡,港区 元赤坂二丁目,[縄文時代][弥生時代],包蔵地,,縄文土器　弥生土器　土錘,139.727523498897,35.677499788056394
1310312400,13103,124,すおうとくやまはんもうりけやしきあといせき,周防徳山藩毛利家屋敷跡遺跡,港区 赤坂八丁目,[近世],屋敷（大名屋敷）,[近世]土坑,陶磁器　土器,139.727549358142,35.670308500382475
1310309200,13103,92,,港区No.92遺跡,港区 赤坂七丁目,[近世],武家屋敷跡,[近世]土坑,陶磁器　土器　瓦　金属製品,139.728922649158,35.6729581064979
1310300400,13103,4,えどじょうそとぼりあといせき,江戸城外堀跡遺跡,港区 元赤坂一丁目　 元赤坂二丁目,[近世],堀跡,※一部、国指定史跡江戸城外堀跡となっています。 [近世]石垣,,139.732767862954,35.68029287229379
1310316800,13103,168,きいわかやまはんとくがわけやしきあといせき,紀伊和歌山藩徳川家屋敷跡遺跡,港区 元赤坂二丁目,[近世],屋敷,土坑 包含層 石積み 土坑,陶磁器類 土器,139.731265716129,35.67671890531021
1310304000,13103,40,,港区No.40遺跡,港区 西麻布二丁目　 西麻布四丁目,[縄文時代],包蔵地,,縄文土器,139.720760040383,35.65945386223662
1310303900,13103,39,,港区No.39遺跡,港区 西麻布一丁目,[縄文時代],包蔵地,,縄文土器,139.724090271358,35.661071746693
1310303800,13103,38,,港区No.38遺跡,港区 西麻布一丁目　 西麻布三丁目,[縄文時代（中期）],包蔵地,,縄文土器,139.72563522375,35.660430174808795
1310303600,13103,36,,港区No.36遺跡,港区 六本木六丁目,[古墳時代],古墳,円墳,,139.731662793495,35.66153105405789
1310300300,13103,3,,港区No.3遺跡,港区 南青山四丁目,[縄文時代],貝塚,,,139.717017822496,35.66430741726451
1310300100,13103,1,あおやまぼちないかいづか,青山墓地内貝塚,港区 南青山二丁目,[縄文時代（早期・中期〜後期）],包蔵地・貝塚,,縄文土器　打斧　磨石,139.719524078993,35.66801711878891
1310300200,13103,2,,港区No.2遺跡,港区 南青山二丁目,[縄文時代][弥生時代],包蔵地・貝塚,,縄文土器　石鏃　弥生土器,139.722030334834,35.664948954803094
1310313900,13103,139,いようわじまはんだてけかみやしきいせき,伊予宇和島藩伊達家上屋敷跡遺跡,港区 六本木七丁目,[近世],屋敷,[近世]土坑,陶磁器　瓦,139.72640584407,35.6649210633617
1310319200,13103,192,きたあおやまさんちょうめ,北青山三丁目遺跡,港区 北青山三丁目,[縄文時代][近世],包蔵地・屋敷,溝状遺構　土坑　ピット,[縄文時代]土器　[近世]陶磁器　土器,139.71303527842,35.667180359841
1310319800,13103,198,ぜんこうじじいきいせき,善光寺寺域遺跡,港区 北青山三丁目,[近世],社寺,溝　柵列,[近世]陶磁器等,139.712279968754,35.66564627491208
1310305800,13103,58,しょうせんじあといせき,正泉寺跡遺跡,港区 三田四丁目,[近世],社寺,[近世]石室,土製品　金属製品　人骨,139.738168760926,35.64316066376048
1310307600,13103,76,みただいまちまちやあといせき,三田台町町屋跡遺跡,港区 三田四丁目,[近世],町屋跡・墓跡,[近世]墓壙　土坑　溝,陶磁器　土器　石製品　金属製品　人骨,139.738821074027,35.641779574002996
1310307500,13103,75,みただいまちいせき,三田台町遺跡,港区 三田四丁目,[旧石器時代][縄文時代][弥生時代][古墳時代][奈良時代][平安時代],集落,[弥生時代]?　住居　[古墳時代]住居,石器　縄文土器　弥生土器　土師器　須恵器,139.739112898499,35.64187722867878
1310315800,13103,158,こうずけぬまたはんときけやしきあとだいにいせき,上野沼田藩土岐家屋敷跡第2遺跡,港区 三田四丁目,[近世],屋敷,土坑,陶磁器 瓦 土器,139.739559218472,35.642393395329606
1310306000,13103,60,いさらごかいづかいせき,伊皿子貝塚遺跡,港区 三田四丁目,[縄文時代（後期）][弥生時代][古墳時代][平安時代][近世],集落・貝塚・社寺,[縄文時代]住居　土坑　[弥生時代]方形周溝墓　[古墳時代]住居　[平安時代]住居 [近世]礎石　溝状遺構　石垣,縄文土器　弥生土器　土師器　土製品　石製品　貝製品　牛骨　魚骨　陶磁器,139.739954039508,35.641500563330794
1310305600,13103,56,かめづかこうえんいせき,亀塚公園遺跡,港区 三田四丁目,[弥生時代（中期〜後期）],集落,土坑,弥生土器,139.740589186733,35.64321646449419
1310312800,13103,128,,港区No.128遺跡,港区 高輪二丁目,[近世],その他（石垣）,[近世]護岸石積,,139.73482136342,35.63787333647291
1310311900,13103,119,,港区No.119遺跡,港区 高輪二丁目,[近世],その他（護岸石積）,[近世]石垣,陶磁器　土器　銭貨,139.739954039508,35.63798494581809
1310312000,13103,120,しょうじょうじじいきいせき,證誠寺寺域遺跡,港区 高輪二丁目,[近世],社寺,[近世]土坑,陶磁器　土器　瓦,139.735096022016,35.63815235980957
1310306300,13103,63,ちょうおうじあといせき,長応寺跡遺跡,港区 高輪二丁目,[近世],社寺,,墓石　人骨,139.737567946106,35.6396311670172
1310310100,13103,101,みただいまち・みただいうらちょう・しばいさらごだいまちまちやあといせき,三田台町・三田台裏町・芝伊皿子台町町屋跡遺跡,港区 三田四丁目,[近世],町屋跡,[近世]土坑　墓壙,陶磁器　土器　石製品　金属製品,139.73791126886,35.641291304687414
1310314502,13103,145-2,じょうきょうじあと・しょうきょうじもんぜんまちやあとだいにいせき,承教寺跡・承教寺門前町屋跡第２遺跡,港区 高輪二丁目,[近世],社寺・その他（町屋）,土坑　墓坑,陶磁器,139.733980223066,35.6376919708881
1310316000,13103,160,こくしょうじあといせき,国昌寺跡遺跡,港区 高輪二丁目,[近世],社寺,土坑,陶磁器　土器,139.734426542384,35.637998896775684
1310316700,13103,167,しばいさらこちくぶけやしきあといせき,芝伊皿子地区武家屋敷跡遺跡,港区 三田四丁目,[近世],屋敷,土坑　井戸　溝状遺構,陶磁器　土器　木製品,139.738786742275,35.64041241357168
1310318500,13103,185,こううんいんあといせき,功雲院跡遺跡,港区 高輪二丁目,[近世],社寺,甕棺墓、土坑墓,甕棺、陶磁器、人骨,139.737499281293,35.63840347987329
1310317700,13103,177,やまとしばむらはんおだけやしきあといせき,大和芝村藩織田家屋敷跡遺跡,港区 白金二丁目,[近世],屋敷,土坑　溝状遺構,近世陶磁器　土器,139.732641264457,35.6418632770679
1310315700,13103,157,ひごくまもとはんほそかわけやしきあといせき,肥後熊本藩細川家屋敷跡遺跡,港区 高輪一丁目,[近世],屋敷,土坑,陶磁器　瓦,139.734855695172,35.64243524588629
1310315702,13103,157-2,ひごくまもとはんほそかわけやしきあとだいにいせき,肥後熊本藩細川家屋敷跡第2遺跡,港区 高輪一丁目,[近世],屋敷,[近世]礎石　土坑,陶磁器　土器,139.736846967537,35.64173772310289
1310305900,13103,59,そうせいじあといせき,宗清寺跡遺跡,港区 三田四丁目,[近世],社寺,,陶磁器　土製品　金属製品　木製品　銭貨　墓誌　人骨,139.737087294382,35.64320251444751
1310306600,13103,66,,港区No.66遺跡,港区 白金台五丁目,[縄文時代][近世],包蔵地,,縄文土器　陶磁器,139.719492002916,35.6363944959393
1310306700,13103,67,きゅうしろがねごりょうちいせき,旧白金御料地遺跡,港区 白金台五丁目,[中世],城館,[中世]土塁,,139.718496366734,35.63854299047182
1310306800,13103,68,,港区No.68遺跡,港区 白金台五丁目,[縄文時代（前期）],包蔵地,,縄文土器　石斧,139.719772,35.63900799999999
1310306900,13103,69,,港区No.69遺跡,港区 白金台五丁目,[旧石器時代][縄文時代][弥生時代][近世],武家屋敷,[近世]建物　礎石　土坑　地下室　ピット群　土坑　井戸　溝　溝状遺構　土壙墓　石組,石器　縄文土器　弥生土器　陶磁器　土器　土製品　瓦　石製品　金属製品　木製品　ガラス製品　骨製品　玩具　銭貨　動植物遺体,139.719772,35.63900799999999
1310307000,13103,70,きゅうかいぐんぼちかいづか,旧海軍基地貝塚,港区 白金台一丁目,[縄文時代（中期）],貝塚,,縄文土器　打斧,139.730617028112,35.638660540066596
1310311100,13103,111,,港区No.111遺跡,港区 白金台四丁目,[近世],町屋,[近世]土坑,陶磁器,139.721517607034,35.64006364331411
1310313500,13103,135,,港区No.135遺跡,港区 白金台四丁目,[近世],屋敷,土坑,陶磁器,139.724350020081,35.640147347910286
1310313800,13103,138,ろうせいじあとだいにいせき,朗惺寺跡第2遺跡,港区 高輪三丁目,[近世],その他の墓,[近世]甕棺,甕　土器　人骨,139.733018919617,35.63377157999932
1310313100,13103,131,,港区No.131遺跡,港区 高輪三丁目,[近世],その他の墓,[近世]墓坑,陶磁器　甕棺　銭貨　人骨,139.733053252023,35.6343994133571
1310314200,13103,142,じょうぎょうじあと・じょうぎょうじもんぜんまちやあといせき,上行寺跡・上行寺門前町屋跡遺跡,港区 高輪一丁目,[近世],社寺・屋敷,[近世]土坑　墓坑　建物跡　地下室　溝,陶磁器　瓦　土器　金属製品　石製品　木製品,139.732315107578,35.6360596610391
1310314500,13103,145,じょうきょうじあと・じょうきょうじもんぜんまちやあと,承教寺跡・承教寺門前町屋跡遺跡,港区 高輪二丁目,[奈良時代][平安時代][近世],集落、社寺、その他（町屋跡）,[奈良・平安時代]竪穴住居跡　[近世]地下室　土坑　ピット　井戸　礎石,(奈良・平安)土師器　須恵器　耳環　(近世)陶磁器　土器　瓦　土製品　動物遺体,139.73446087479,35.6360596610391
1310312300,13103,123,,港区No.123遺跡,港区 高輪二丁目,[古墳時代],集落,[古墳時代]住居,土器,139.735971494777,35.63622707906369
1310306201,13103,62-1,しながわだいば（だいさん）いせき,品川台場(第三)遺跡,港区 港南五丁目,[近世],台場跡,[近世]陣屋　土塁　砲台,,139.756165,35.629028000000005
1310306202,13103,62-2,しながわだいば（だいろく）いせき,品川台場(第六)遺跡,港区 港南五丁目,[近世],台場跡,[近世]陣屋　土塁　砲台,,139.756165,35.629028000000005
1310306203,13103,62-3,しながわだいば（だいいち）いせき,品川台場(第一)遺跡,港区 港南五丁目,[近世],その他（台場跡）,[近世]石垣　波除杭,切石　陶磁器,139.756165,35.629028000000005
1310306204,13103,62-4,しながわだいば（だいご）いせき,品川台場（第五）遺跡,港区 港南五丁目,[近世],その他（砲台跡）,建物基礎　石垣　石組遺構　法面状遺構　堤状遺構　木造構築物　溝状遺構　土坑　杭列　捨石,陶磁器　土器　瓦　金属製品,139.756165,35.629028000000005
1310306400,13103,64,しなのいいやまはんほんだけやしきあといせき,信濃飯山藩本多家屋敷跡遺跡,港区 高輪三丁目,[縄文時代（中期）][奈良時代][平安時代][中世][近世],包蔵地・集落・屋敷・その他（道路）,住居跡　炉跡　土坑　道路状遺構,打斧　縄文土器　弥生土器　かわらけ　陶磁器　瓦　金属製品,139.7332249134,35.6323624246326
1310307100,13103,71,,港区No.71遺跡,港区 白金台二丁目,[古墳時代],横穴墓？,,,139.728744551069,35.6321810465422
1310315900,13103,159,みょうげんいんあといせき,妙玄院跡遺跡,港区 高輪三丁目,[弥生時代（後期）][古墳時代][近世],社寺・集落,土坑　住居跡,[弥生時代]〜[古墳時代]土器　[近世]陶磁器　土器　瓦,139.730838820653,35.631595052525796